chemical,casnum,ressoilprg,ressoilkey,indsoilprg,indsoilkey,resairprg,resairkey,indairprg,indairkey,restapprg,restapkey,mcl,sl,slmcl,sgwkey
Acenaphthene (83-32-9),83-32-9,3.6E+02,n,4.5E+03,n,,,,,5.3E+01,n,,5.5E-01,,n
Acephate (30560-19-1),30560-19-1,7.6E+00,n,9.8E+01,n,,,,,2.4E+00,n,,5.3E-04,,n
Acetaldehyde (75-07-0),75-07-0,8.2E+00,n,3.4E+01,n,9.4E-01,n,3.9E+00,n,1.9E+00,n,,3.8E-04,,n
Acetochlor (34256-82-1),34256-82-1,1.3E+02,n,1.6E+03,n,,,,,3.5E+01,n,,2.8E-02,,n
Acetone (67-64-1),67-64-1,6.1E+03,n,6.7E+04,n,3.2E+03,n,1.4E+04,n,1.4E+03,n,,2.9E-01,,n
Acetone Cyanohydrin (75-86-5),75-86-5,2.8E+05,nm,1.2E+06,nm,2.1E-01,n,8.8E-01,n,,,,,,
Acetonitrile (75-05-8),75-05-8,8.1E+01,n,3.4E+02,n,6.3E+00,n,2.6E+01,n,1.3E+01,n,,2.6E-03,,n
Acetophenone (98-86-2),98-86-2,7.8E+02,n,1.2E+04,ns,,,,,1.9E+02,n,,5.8E-02,,n
"Acetylaminofluorene, 2- (53-96-3)",53-96-3,1.4E-01,c,6.0E-01,c,2.2E-03,c,9.4E-03,c,1.6E-02,c,,7.2E-05,,c
Acrolein (107-02-8),107-02-8,1.4E-02,n,6.0E-02,n,2.1E-03,n,8.8E-03,n,4.2E-03,n,,8.4E-07,,n
Acrylamide (79-06-1),79-06-1,2.4E-01,c*,4.6E+00,c*,1.0E-02,c*,1.2E-01,c*,5.0E-02,c*,,1.1E-05,,c*
Acrylic Acid (79-10-7),79-10-7,9.9E+00,n,4.2E+01,n,1.0E-01,n,4.4E-01,n,2.1E-01,n,,4.2E-05,,n
Acrylonitrile (107-13-1),107-13-1,2.5E-01,c**,1.1E+00,c**,4.1E-02,c**,1.8E-01,c**,5.2E-02,c**,,1.1E-05,,c**
Adiponitrile (111-69-3),111-69-3,8.5E+05,nm,3.6E+06,nm,6.3E-01,n,2.6E+00,n,,,,,,
Alachlor (15972-60-8),15972-60-8,9.7E+00,c**,4.1E+01,c*,,,,,1.1E+00,c*,2.0E+00,8.7E-04,1.6E-03,c*
Aldicarb (116-06-3),116-06-3,6.3E+00,n,8.2E+01,n,,,,,2.0E+00,n,3.0E+00,4.9E-04,7.5E-04,n
Aldicarb Sulfone (1646-88-4),1646-88-4,6.3E+00,n,8.2E+01,n,,,,,2.0E+00,n,2.0E+00,4.4E-04,4.4E-04,n
Aldicarb sulfoxide (1646-87-3),1646-87-3,,,,,,,,,,,4.0E+00,,8.8E-04,
Aldrin (309-00-2),309-00-2,3.9E-02,c**,1.8E-01,c*,5.7E-04,c,2.5E-03,c,9.2E-04,c*,,1.5E-04,,c*
Allyl Alcohol (107-18-6),107-18-6,3.5E-01,n,1.5E+00,n,1.0E-02,n,4.4E-02,n,2.1E-02,n,,4.2E-06,,n
Allyl Chloride (107-05-1),107-05-1,1.7E-01,n,6.9E-01,n,1.0E-01,n,4.4E-01,n,2.1E-01,n,,6.7E-05,,n
Aluminum (7429-90-5),7429-90-5,7.7E+03,n,1.1E+05,nm,5.2E-01,n,2.2E+00,n,2.0E+03,n,,3.0E+03,,n
Aluminum Phosphide (20859-73-8),20859-73-8,3.1E+00,n,4.7E+01,n,,,,,8.0E-01,n,,,,n
Aluminum metaphosphate (13776-88-0),13776-88-0,3.8E+05,nm,5.7E+06,nm,,,,,9.7E+04,n,,,,n
Ametryn (834-12-8),834-12-8,5.7E+01,n,7.4E+02,n,,,,,1.5E+01,n,,1.6E-02,,n
"Aminobiphenyl, 4- (92-67-1)",92-67-1,2.6E-02,c,1.1E-01,c,4.7E-04,c,2.0E-03,c,3.0E-03,c,,1.5E-05,,c
"Aminophenol, m- (591-27-5)",591-27-5,5.1E+02,n,6.6E+03,n,,,,,1.6E+02,n,,6.1E-02,,n
"Aminophenol, o- (95-55-6)",95-55-6,2.5E+01,n,3.3E+02,n,,,,,7.9E+00,n,,3.0E-03,,n
"Aminophenol, p- (123-30-8)",123-30-8,1.3E+02,n,1.6E+03,n,,,,,4.0E+01,n,,1.5E-02,,n
Amitraz (33089-61-1),33089-61-1,1.6E+01,n,2.1E+02,n,,,,,8.2E-01,n,,4.2E-01,,n
Ammonia (7664-41-7),7664-41-7,,,,,5.2E+01,n,2.2E+02,n,,,,,,
Ammonium Perchlorate (7790-98-9),7790-98-9,5.5E+00,n,8.2E+01,n,,,,,1.4E+00,n,,,,n
Ammonium Sulfamate (7773-06-0),7773-06-0,1.6E+03,n,2.3E+04,n,,,,,4.0E+02,n,,,,n
Ammonium polyphosphate (68333-79-9),68333-79-9,3.8E+05,nm,5.7E+06,nm,,,,,9.7E+04,n,,,,n
"Amyl Alcohol, tert- (75-85-4)",75-85-4,8.2E+00,n,3.4E+01,n,3.1E-01,n,1.3E+00,n,6.3E-01,n,,1.3E-04,,n
Aniline (62-53-3),62-53-3,4.4E+01,n,4.0E+02,c**,1.0E-01,n,4.4E-01,n,1.3E+01,c**,,4.6E-03,,c**
Anthracene (120-12-7),120-12-7,1.8E+03,n,2.3E+04,n,,,,,1.8E+02,n,,5.8E+00,,n
"Anthraquinone, 9,10- (84-65-1)",84-65-1,1.3E+01,n,5.7E+01,c**,,,,,1.4E+00,c**,,1.4E-02,,c**
Antimony (metallic) (7440-36-0),7440-36-0,3.1E+00,n,4.7E+01,n,,,,,7.8E-01,n,6.0E+00,3.5E-02,2.7E-01,n
Antimony Pentoxide (1314-60-9),1314-60-9,3.9E+00,n,5.8E+01,n,,,,,9.7E-01,n,,,,n
Antimony Tetroxide (1332-81-6),1332-81-6,3.1E+00,n,4.7E+01,n,,,,,7.8E-01,n,,,,n
Antimony Trioxide (1309-64-4),1309-64-4,2.8E+04,n,1.2E+05,nm,2.1E-02,n,8.8E-02,n,,,,,,
Aroclor 1016 (12674-11-2),12674-11-2,4.1E-01,n,5.1E+00,n,1.4E-01,c,6.1E-01,c,1.4E-01,n,,1.3E-02,,n
Aroclor 1221 (11104-28-2),11104-28-2,2.0E-01,c,8.3E-01,c,4.9E-03,c,2.1E-02,c,4.7E-03,c,,8.0E-05,,c
Aroclor 1232 (11141-16-5),11141-16-5,1.7E-01,c,7.2E-01,c,4.9E-03,c,2.1E-02,c,4.7E-03,c,,8.0E-05,,c
Aroclor 1242 (53469-21-9),53469-21-9,2.3E-01,c,9.5E-01,c,4.9E-03,c,2.1E-02,c,7.8E-03,c,,1.2E-03,,c
Aroclor 1248 (12672-29-6),12672-29-6,2.3E-01,c,9.5E-01,c,4.9E-03,c,2.1E-02,c,7.8E-03,c,,1.2E-03,,c
Aroclor 1254 (11097-69-1),11097-69-1,1.2E-01,n,9.7E-01,c**,4.9E-03,c,2.1E-02,c,7.8E-03,c**,,2.0E-03,,c**
Aroclor 1260 (11096-82-5),11096-82-5,2.4E-01,c,9.9E-01,c,4.9E-03,c,2.1E-02,c,7.8E-03,c,,5.5E-03,,c
Aroclor 5460 (11126-42-4),11126-42-4,3.5E+00,n,4.4E+01,n,,,,,1.2E+00,n,,2.0E-01,,n
"Arsenic, Inorganic (7440-38-2)",7440-38-2,6.8E-01,c**R,3.0E+00,c*R,6.5E-04,c**,2.9E-03,c**,5.2E-02,c*,1.0E+01,1.5E-03,2.9E-01,c*
Arsine (7784-42-1),7784-42-1,2.7E-02,n,4.1E-01,n,5.2E-03,n,2.2E-02,n,7.0E-03,n,,,,n
Asulam (3337-71-1),3337-71-1,2.3E+02,n,3.0E+03,n,,,,,7.2E+01,n,,1.8E-02,,n
Atrazine (1912-24-9),1912-24-9,2.4E+00,c*,1.0E+01,c,,,,,3.0E-01,c,3.0E+00,2.0E-04,1.9E-03,c
Auramine (492-80-8),492-80-8,6.2E-01,c,2.6E+00,c,1.1E-02,c,4.9E-02,c,6.7E-02,c,,6.1E-04,,c
Avermectin B1 (65195-55-3),65195-55-3,2.5E+00,n,3.3E+01,n,,,,,8.0E-01,n,,1.4E+00,,n
Azinphos-methyl (86-50-0),86-50-0,1.9E+01,n,2.5E+02,n,1.0E+00,n,4.4E+00,n,5.6E+00,n,,1.7E-03,,n
Azobenzene (103-33-3),103-33-3,5.6E+00,c,2.6E+01,c,9.1E-02,c,4.0E-01,c,1.2E-01,c,,9.3E-04,,c
Azodicarbonamide (123-77-3),123-77-3,8.6E+02,n,4.0E+03,n,7.3E-04,n,3.1E-03,n,2.0E+03,n,,6.8E-01,,n
Barium (7440-39-3),7440-39-3,1.5E+03,n,2.2E+04,n,5.2E-02,n,2.2E-01,n,3.8E+02,n,2.0E+03,1.6E+01,8.2E+01,n
Benfluralin (1861-40-1),1861-40-1,3.9E+01,n,5.8E+02,n,,,,,2.8E+00,n,,9.4E-02,,n
Benomyl (17804-35-2),17804-35-2,3.2E+02,n,4.1E+03,n,,,,,9.7E+01,n,,8.5E-02,,n
Bensulfuron-methyl (83055-99-6),83055-99-6,1.3E+03,n,1.6E+04,n,,,,,3.9E+02,n,,1.0E-01,,n
Bentazon (25057-89-0),25057-89-0,1.9E+02,n,2.5E+03,n,,,,,5.7E+01,n,,1.2E-02,,n
Benz[a]anthracene (56-55-3),56-55-3,1.1E+00,c,2.1E+01,c,1.7E-02,c,2.0E-01,c,3.0E-02,c,,1.1E-02,,c
Benzaldehyde (100-52-7),100-52-7,1.7E+02,c**,8.2E+02,c*,,,,,1.9E+01,c*,,4.1E-03,,c*
Benzene (71-43-2),71-43-2,1.2E+00,c**,5.1E+00,c**,3.6E-01,c**,1.6E+00,c**,4.6E-01,c**,5.0E+00,2.3E-04,2.6E-03,c**
"Benzenediamine-2-methyl sulfate, 1,4- (6369-59-1)",6369-59-1,1.9E+00,n,2.3E+01,c**,,,,,6.0E-01,n,,1.7E-04,,n
Benzenethiol (108-98-5),108-98-5,7.8E+00,n,1.2E+02,n,,,,,1.7E+00,n,,1.1E-03,,n
Benzidine (92-87-5),92-87-5,5.3E-04,c,1.0E-02,c,1.5E-05,c,1.8E-04,c,1.1E-04,c,,2.8E-07,,c
Benzo(j)fluoranthene (205-82-3),205-82-3,4.2E-01,c,1.8E+00,c,2.6E-02,c,1.1E-01,c,6.5E-02,c,,7.8E-02,,c
Benzo[a]pyrene (50-32-8),50-32-8,1.1E-01,c*,2.1E+00,c*,2.1E-04,n,8.8E-04,n,2.5E-02,c*,2.0E-01,2.9E-02,2.4E-01,c*
Benzo[b]fluoranthene (205-99-2),205-99-2,1.1E+00,c,2.1E+01,c,1.7E-02,c,2.0E-01,c,2.5E-01,c,,3.0E-01,,c
Benzo[k]fluoranthene (207-08-9),207-08-9,1.1E+01,c,2.1E+02,c,1.7E-01,c,2.0E+00,c,2.5E+00,c,,2.9E+00,,c
Benzoic Acid (65-85-0),65-85-0,2.5E+04,n,3.3E+05,nm,,,,,7.5E+03,n,,1.5E+00,,n
Benzotrichloride (98-07-7),98-07-7,5.3E-02,c,2.5E-01,c,,,,,3.0E-03,c,,6.6E-06,,c
Benzyl Alcohol (100-51-6),100-51-6,6.3E+02,n,8.2E+03,n,,,,,2.0E+02,n,,4.8E-02,,n
Benzyl Chloride (100-44-7),100-44-7,1.1E+00,c**,4.8E+00,c**,5.7E-02,c**,2.5E-01,c**,8.9E-02,c**,,9.8E-05,,c**
Beryllium and compounds (7440-41-7),7440-41-7,1.6E+01,n,2.3E+02,n,1.2E-03,c**,5.1E-03,c**,2.5E+00,n,4.0E+00,1.9E+00,3.2E+00,n
Bifenox (42576-02-3),42576-02-3,5.7E+01,n,7.4E+02,n,,,,,1.0E+01,n,,7.6E-02,,n
Biphenthrin (82657-04-3),82657-04-3,9.5E+01,n,1.2E+03,n,,,,,3.0E+01,n,,1.4E+02,,n
"Biphenyl, 1,1'- (92-52-4)",92-52-4,4.7E+00,n,2.0E+01,n,4.2E-02,n,1.8E-01,n,8.3E-02,n,,8.7E-04,,n
Bis(2-chloro-1-methylethyl) ether (108-60-1),108-60-1,3.1E+02,n,4.7E+03,ns,,,,,7.1E+01,n,,2.6E-02,,n
Bis(2-chloroethoxy)methane (111-91-1),111-91-1,1.9E+01,n,2.5E+02,n,,,,,5.9E+00,n,,1.3E-03,,n
Bis(2-chloroethyl)ether (111-44-4),111-44-4,2.3E-01,c,1.0E+00,c,8.5E-03,c,3.7E-02,c,1.4E-02,c,,3.6E-06,,c
Bis(2-ethylhexyl)phthalate (117-81-7),117-81-7,3.9E+01,c**,1.6E+02,c*,1.2E+00,c,5.1E+00,c,5.6E+00,c**,6.0E+00,1.3E+00,1.4E+00,c**
Bis(chloromethyl)ether (542-88-1),542-88-1,8.3E-05,c,3.6E-04,c,4.5E-05,c,2.0E-04,c,7.2E-05,c,,1.7E-08,,c
Bisphenol A (80-05-7),80-05-7,3.2E+02,n,4.1E+03,n,,,,,7.7E+01,n,,5.8E+00,,n
Boron And Borates Only (7440-42-8),7440-42-8,1.6E+03,n,2.3E+04,n,2.1E+00,n,8.8E+00,n,4.0E+02,n,,1.3E+00,,n
Boron Trichloride (10294-34-5),10294-34-5,1.6E+04,n,2.3E+05,nm,2.1E+00,n,8.8E+00,n,4.2E+00,n,,,,n
Boron Trifluoride (7637-07-2),7637-07-2,3.1E+02,n,4.7E+03,n,1.4E+00,n,5.7E+00,n,2.6E+00,n,,,,n
Bromate (15541-45-4),15541-45-4,9.9E-01,c*,4.7E+00,c,,,,,1.1E-01,c*,1.0E+01,8.5E-04,7.7E-02,c*
"Bromo-2-chloroethane, 1- (107-04-0)",107-04-0,2.6E-02,c,1.1E-01,c,4.7E-03,c,2.0E-02,c,7.4E-03,c,,2.1E-06,,c
"Bromo-3-fluorobenzene, 1- (1073-06-9)",1073-06-9,2.3E+00,n,3.5E+01,n,,,,,4.9E-01,n,,4.7E-04,,n
"Bromo-4-fluorobenzene, 1- (460-00-4)",460-00-4,2.3E+00,n,3.5E+01,n,,,,,4.6E-01,n,,4.4E-04,,n
Bromobenzene (108-86-1),108-86-1,2.9E+01,n,1.8E+02,n,6.3E+00,n,2.6E+01,n,6.2E+00,n,,4.2E-03,,n
Bromochloromethane (74-97-5),74-97-5,1.5E+01,n,6.3E+01,n,4.2E+00,n,1.8E+01,n,8.3E+00,n,,2.1E-03,,n
Bromodichloromethane (75-27-4),75-27-4,2.9E-01,c,1.3E+00,c,7.6E-02,c,3.3E-01,c,1.3E-01,c,8.0E+01,3.6E-05,2.2E-02,c
Bromoform (75-25-2),75-25-2,1.9E+01,c**,8.6E+01,c*,2.6E+00,c,1.1E+01,c,3.3E+00,c*,8.0E+01,8.7E-04,2.1E-02,c*
Bromomethane (74-83-9),74-83-9,6.8E-01,n,3.0E+00,n,5.2E-01,n,2.2E+00,n,7.5E-01,n,,1.9E-04,,n
Bromophos (2104-96-3),2104-96-3,3.9E+01,n,5.8E+02,n,,,,,3.5E+00,n,,1.5E-02,,n
"Bromopropane, 1- (106-94-5)",106-94-5,2.2E+01,n,9.4E+01,n,1.0E+01,n,4.4E+01,n,2.1E+01,n,,6.4E-03,,n
Bromoxynil (1689-84-5),1689-84-5,5.3E+00,c*,2.2E+01,c*,,,,,6.1E-01,c*,,5.2E-04,,c*
Bromoxynil Octanoate (1689-99-2),1689-99-2,6.7E+00,c*,3.2E+01,c*,,,,,2.4E-01,c*,,2.1E-03,,c*
"Butadiene, 1,3- (106-99-0)",106-99-0,5.8E-02,c**,2.6E-01,c**,9.4E-02,c**,4.1E-01,c**,1.8E-02,c*,,9.9E-06,,c*
"Butanoic acid, 4-(2,4-dichlorophenoxy)- (94-82-6)",94-82-6,1.9E+02,n,2.5E+03,n,,,,,4.5E+01,n,,4.2E-02,,n
"Butanol, N- (71-36-3)",71-36-3,7.8E+02,n,1.2E+04,ns,,,,,2.0E+02,n,,4.1E-02,,n
Butyl Benzyl Phthalate (85-68-7),85-68-7,2.9E+02,c**,1.2E+03,c*,,,,,1.6E+01,c*,,2.4E-01,,c*
"Butyl alcohol, sec- (78-92-2)",78-92-2,1.3E+04,n,1.5E+05,nms,3.1E+03,n,1.3E+04,n,2.4E+03,n,,5.0E-01,,n
Butylate (2008-41-5),2008-41-5,3.9E+02,n,5.8E+03,n,,,,,4.6E+01,n,,4.5E-02,,n
Butylated hydroxyanisole (25013-16-5),25013-16-5,2.7E+03,c,1.1E+04,c,4.9E+01,c,2.2E+02,c,1.5E+02,c,,2.9E-01,,c
Butylated hydroxytoluene (128-37-0),128-37-0,1.5E+02,c*,6.4E+02,c*,,,,,3.4E+00,c*,,1.0E-01,,c*
"Butylbenzene, n- (104-51-8)",104-51-8,3.9E+02,ns,5.8E+03,ns,,,,,1.0E+02,n,,3.2E-01,,n
"Butylbenzene, sec- (135-98-8)",135-98-8,7.8E+02,ns,1.2E+04,ns,,,,,2.0E+02,n,,5.9E-01,,n
"Butylbenzene, tert- (98-06-6)",98-06-6,7.8E+02,ns,1.2E+04,ns,,,,,6.9E+01,n,,1.6E-01,,n
Butylphthalyl Butylglycolate (85-70-1),85-70-1,6.3E+03,n,8.2E+04,n,,,,,1.3E+03,n,,3.1E+01,,n
Cacodylic Acid (75-60-5),75-60-5,1.3E+02,n,1.6E+03,n,,,,,4.0E+01,n,,1.1E-02,,n
Cadmium (Diet) (7440-43-9),7440-43-9,7.1E+00,n,9.8E+01,n,,,,,,,,,,
Cadmium (Water) (7440-43-9),7440-43-9,,,,,1.0E-03,n,4.4E-03,n,9.2E-01,n,5.0E+00,6.9E-02,3.8E-01,n
Calcium Cyanide (592-01-8),592-01-8,7.8E+00,n,1.2E+02,n,,,,,2.0E+00,n,,,,n
Calcium pyrophosphate (7790-76-3),7790-76-3,3.8E+05,nm,5.7E+06,nm,,,,,9.7E+04,n,,,,n
Caprolactam (105-60-2),105-60-2,3.1E+03,n,4.0E+04,n,2.3E-01,n,9.6E-01,n,9.9E+02,n,,2.5E-01,,n
Captafol (2425-06-1),2425-06-1,3.6E+00,c**,1.5E+01,c*,6.5E-02,c,2.9E-01,c,4.0E-01,c**,,7.1E-04,,c**
Captan (133-06-2),133-06-2,2.4E+02,c**,1.0E+03,c*,4.3E+00,c,1.9E+01,c,3.1E+01,c**,,2.2E-02,,c**
Carbaryl (63-25-2),63-25-2,6.3E+02,n,8.2E+03,n,,,,,1.8E+02,n,,1.7E-01,,n
Carbofuran (1563-66-2),1563-66-2,3.2E+01,n,4.1E+02,n,,,,,9.4E+00,n,4.0E+01,3.7E-03,1.6E-02,n
Carbon Disulfide (75-15-0),75-15-0,7.7E+01,n,3.5E+02,n,7.3E+01,n,3.1E+02,n,8.1E+01,n,,2.4E-02,,n
Carbon Tetrachloride (56-23-5),56-23-5,6.5E-01,c*,2.9E+00,c*,4.7E-01,c*,2.0E+00,c*,4.6E-01,c*,5.0E+00,1.8E-04,1.9E-03,c*
Carbonyl Sulfide (463-58-1),463-58-1,6.7E+00,n,2.8E+01,n,1.0E+01,n,4.4E+01,n,2.1E+01,n,,5.1E-02,,n
Carbosulfan (55285-14-8),55285-14-8,6.3E+01,n,8.2E+02,n,,,,,5.1E+00,n,,1.2E-01,,n
Carboxin (5234-68-4),5234-68-4,6.3E+02,n,8.2E+03,n,,,,,1.9E+02,n,,1.0E-01,,n
Ceric oxide (1306-38-3),1306-38-3,1.3E+05,nm,5.4E+05,nm,9.4E-02,n,3.9E-01,n,,,,,,
Chloral Hydrate (302-17-0),302-17-0,7.8E+02,n,1.2E+04,n,,,,,2.0E+02,n,,4.0E-02,,n
Chloramben (133-90-4),133-90-4,9.5E+01,n,1.2E+03,n,,,,,2.9E+01,n,,7.0E-03,,n
Chloranil (118-75-2),118-75-2,1.3E+00,c,5.7E+00,c,,,,,1.8E-01,c,,1.5E-04,,c
Chlordane (12789-03-6),12789-03-6,1.7E+00,c**,7.7E+00,c**,2.8E-02,c**,1.2E-01,c**,2.0E-02,c**,2.0E+00,2.7E-03,2.7E-01,c**
Chlordecone (Kepone) (143-50-0),143-50-0,5.4E-02,c*,2.3E-01,c,6.1E-04,c,2.7E-03,c,3.5E-03,c*,,1.2E-04,,c*
Chlorfenvinphos (470-90-6),470-90-6,4.4E+00,n,5.7E+01,n,,,,,1.1E+00,n,,3.1E-03,,n
"Chlorimuron, Ethyl- (90982-32-4)",90982-32-4,5.7E+02,n,7.4E+03,n,,,,,1.8E+02,n,,6.0E-02,,n
Chlorine (7782-50-5),7782-50-5,1.8E-02,n,7.8E-02,n,1.5E-02,n,6.4E-02,n,3.0E-02,n,,1.4E-05,,n
Chlorine Dioxide (10049-04-4),10049-04-4,2.3E+02,n,3.4E+03,n,2.1E-02,n,8.8E-02,n,4.2E-02,n,,,,n
Chlorite (Sodium Salt) (7758-19-2),7758-19-2,2.3E+02,n,3.5E+03,n,,,,,6.0E+01,n,1.0E+03,,,n
"Chloro-1,1-difluoroethane, 1- (75-68-3)",75-68-3,5.4E+03,ns,2.3E+04,ns,5.2E+03,n,2.2E+04,n,1.0E+04,n,,5.2E+00,,n
"Chloro-1,3-butadiene, 2- (126-99-8)",126-99-8,1.0E-02,c,4.4E-02,c,9.4E-03,c,4.1E-02,c,1.9E-02,c,,9.8E-06,,c
"Chloro-2-methylaniline HCl, 4- (3165-93-3)",3165-93-3,1.2E+00,c,5.0E+00,c,,,,,1.7E-01,c,,1.5E-04,,c
"Chloro-2-methylaniline, 4- (95-69-2)",95-69-2,5.4E+00,c**,2.3E+01,c*,3.6E-02,c,1.6E-01,c,7.0E-01,c**,,4.0E-04,,c**
"Chloroacetaldehyde, 2- (107-20-0)",107-20-0,2.6E+00,c,1.2E+01,c,,,,,2.9E-01,c,,5.8E-05,,c
Chloroacetic Acid (79-11-8),79-11-8,,,,,,,,,,,6.0E+01,,1.2E-02,
"Chloroacetophenone, 2- (532-27-4)",532-27-4,4.3E+03,n,1.8E+04,n,3.1E-03,n,1.3E-02,n,,,,,,
"Chloroaniline, p- (106-47-8)",106-47-8,2.7E+00,c**,1.1E+01,c*,,,,,3.7E-01,c*,,1.6E-04,,c*
Chlorobenzene (108-90-7),108-90-7,2.8E+01,n,1.3E+02,n,5.2E+00,n,2.2E+01,n,7.8E+00,n,1.0E+02,5.3E-03,6.8E-02,n
"Chlorobenzene sulfonic acid, p- (98-66-8)",98-66-8,6.3E+02,n,8.2E+03,n,,,,,2.0E+02,n,,4.7E-02,,n
Chlorobenzilate (510-15-6),510-15-6,4.9E+00,c*,2.1E+01,c*,9.1E-02,c,4.0E-01,c,3.1E-01,c*,,1.0E-03,,c*
"Chlorobenzoic Acid, p- (74-11-3)",74-11-3,1.9E+02,n,2.5E+03,n,,,,,5.1E+01,n,,1.3E-02,,n
"Chlorobenzotrifluoride, 4- (98-56-6)",98-56-6,2.1E+01,n,2.5E+02,n,3.1E+01,n,1.3E+02,n,3.5E+00,n,,1.2E-02,,n
"Chlorobutane, 1- (109-69-3)",109-69-3,3.1E+02,n,4.7E+03,ns,,,,,6.4E+01,n,,2.6E-02,,n
Chlorodifluoromethane (75-45-6),75-45-6,4.9E+03,ns,2.1E+04,ns,5.2E+03,n,2.2E+04,n,1.0E+04,n,,4.3E+00,,n
"Chloroethanol, 2- (107-07-3)",107-07-3,1.6E+02,n,2.3E+03,n,,,,,4.0E+01,n,,8.1E-03,,n
Chloroform (67-66-3),67-66-3,3.2E-01,c*,1.4E+00,c*,1.2E-01,c*,5.3E-01,c*,2.2E-01,c*,8.0E+01,6.1E-05,2.2E-02,c*
Chloromethane (74-87-3),74-87-3,1.1E+01,n,4.6E+01,n,9.4E+00,n,3.9E+01,n,1.9E+01,n,,4.9E-03,,n
Chloromethyl Methyl Ether (107-30-2),107-30-2,2.0E-02,c,8.9E-02,c,4.1E-03,c,1.8E-02,c,6.5E-03,c,,1.4E-06,,c
"Chloronaphthalene, Beta- (91-58-7)",91-58-7,4.8E+02,n,6.0E+03,n,,,,,7.5E+01,n,,3.9E-01,,n
"Chloronitrobenzene, o- (88-73-3)",88-73-3,1.8E+00,c*,7.7E+00,c*,1.0E-03,n,4.4E-03,n,2.4E-01,c*,,2.2E-04,,c*
"Chloronitrobenzene, p- (100-00-5)",100-00-5,4.4E+00,n,3.8E+01,c**,2.1E-01,n,8.8E-01,n,1.2E+00,c**,,1.1E-03,,c**
"Chlorophenol, 2- (95-57-8)",95-57-8,3.9E+01,n,5.8E+02,n,,,,,9.1E+00,n,,8.9E-03,,n
Chloropicrin (76-06-2),76-06-2,2.0E-01,n,8.2E-01,n,4.2E-02,n,1.8E-01,n,8.3E-02,n,,2.5E-05,,n
Chlorothalonil (1897-45-6),1897-45-6,9.5E+01,n,7.4E+02,c**,3.2E+00,c,1.4E+01,c,2.2E+01,c**,,5.0E-02,,c**
"Chlorotoluene, o- (95-49-8)",95-49-8,1.6E+02,n,2.3E+03,ns,,,,,2.4E+01,n,,2.3E-02,,n
"Chlorotoluene, p- (106-43-4)",106-43-4,1.6E+02,n,2.3E+03,ns,,,,,2.5E+01,n,,2.4E-02,,n
Chlorozotocin (54749-90-5),54749-90-5,2.3E-03,c,9.6E-03,c,4.1E-05,c,1.8E-04,c,3.2E-04,c,,7.1E-08,,c
Chlorpropham (101-21-3),101-21-3,3.2E+02,n,4.1E+03,n,,,,,7.1E+01,n,,6.4E-02,,n
Chlorpyrifos (2921-88-2),2921-88-2,6.3E+00,n,8.2E+01,n,,,,,8.4E-01,n,,1.2E-02,,n
Chlorpyrifos Methyl (5598-13-0),5598-13-0,6.3E+01,n,8.2E+02,n,,,,,1.2E+01,n,,5.4E-02,,n
Chlorsulfuron (64902-72-3),64902-72-3,3.2E+02,n,4.1E+03,n,,,,,9.9E+01,n,,8.3E-02,,n
Chlorthal-dimethyl (1861-32-1),1861-32-1,6.3E+01,n,8.2E+02,n,,,,,1.2E+01,n,,1.5E-02,,n
Chlorthiophos (60238-56-4),60238-56-4,5.1E+00,n,6.6E+01,n,,,,,2.8E-01,n,,7.3E-03,,n
"Chromium(III), Insoluble Salts (16065-83-1)",16065-83-1,1.2E+04,n,1.8E+05,nm,,,,,2.2E+03,n,,4.0E+06,,n
Chromium(VI) (18540-29-9),18540-29-9,3.0E-01,c*,6.3E+00,c*,1.2E-05,c,1.5E-04,c,3.5E-02,c,,6.7E-04,,c
"Chromium, Total (7440-47-3)",7440-47-3,,,,,,,,,,,1.0E+02,,1.8E+05,
Chrysene (218-01-9),218-01-9,1.1E+02,c,2.1E+03,c,1.7E+00,c,2.0E+01,c,2.5E+01,c,,9.0E+00,,c
Clofentezine (74115-24-5),74115-24-5,8.2E+01,n,1.1E+03,n,,,,,2.3E+01,n,,1.4E+00,,n
Cobalt (7440-48-4),7440-48-4,2.3E+00,n,3.5E+01,n,3.1E-04,c**,1.4E-03,c**,6.0E-01,n,,2.7E-02,,n
Coke Oven Emissions (8007-45-2),8007-45-2,,,,,1.6E-03,c,2.0E-02,c,,,,,,
Copper (7440-50-8),7440-50-8,3.1E+02,n,4.7E+03,n,,,,,8.0E+01,n,1.3E+03,2.8E+00,4.6E+01,n
Copper Cyanide (544-92-3),544-92-3,3.9E+01,n,5.8E+02,n,,,,,1.0E+01,n,,,,n
"Cresol, m- (108-39-4)",108-39-4,3.2E+02,n,4.1E+03,n,6.3E+01,n,2.6E+02,n,9.3E+01,n,,7.4E-02,,n
"Cresol, o- (95-48-7)",95-48-7,3.2E+02,n,4.1E+03,n,6.3E+01,n,2.6E+02,n,9.3E+01,n,,7.5E-02,,n
"Cresol, p- (106-44-5)",106-44-5,6.3E+02,n,8.2E+03,n,6.3E+01,n,2.6E+02,n,1.9E+02,n,,1.5E-01,,n
"Cresol, p-chloro-m- (59-50-7)",59-50-7,6.3E+02,n,8.2E+03,n,,,,,1.4E+02,n,,1.7E-01,,n
Cresols (1319-77-3),1319-77-3,6.3E+02,n,8.2E+03,n,6.3E+01,n,2.6E+02,n,1.5E+02,n,,1.3E-01,,n
"Crotonaldehyde, trans- (123-73-9)",123-73-9,3.7E-01,c*,1.7E+00,c*,,,,,4.0E-02,c*,,8.2E-06,,c*
Cumene (98-82-8),98-82-8,1.9E+02,n,9.9E+02,ns,4.2E+01,n,1.8E+02,n,4.5E+01,n,,7.4E-02,,n
Cupferron (135-20-6),135-20-6,2.5E+00,c,1.0E+01,c,4.5E-02,c,1.9E-01,c,3.5E-01,c,,6.1E-04,,c
Cyanazine (21725-46-2),21725-46-2,6.5E-01,c*,2.7E+00,c*,,,,,8.8E-02,c*,,4.1E-05,,c*
Cyanide (CN-) (57-12-5),57-12-5,2.3E+00,n,1.5E+01,n,8.3E-02,n,3.5E-01,n,1.5E-01,n,2.0E+02,1.5E-03,2.0E+00,n
Cyanogen (460-19-5),460-19-5,7.8E+00,n,1.2E+02,n,,,,,2.0E+00,n,,,,n
Cyanogen Bromide (506-68-3),506-68-3,7.0E+02,n,1.1E+04,n,,,,,1.8E+02,n,,,,n
Cyanogen Chloride (506-77-4),506-77-4,3.9E+02,n,5.8E+03,n,,,,,1.0E+02,n,,,,n
Cyclohexane (110-82-7),110-82-7,6.5E+02,ns,2.7E+03,ns,6.3E+02,n,2.6E+03,n,1.3E+03,n,,1.3E+00,,n
"Cyclohexane, 1,2,3,4,5-pentabromo-6-chloro- (87-84-3)",87-84-3,2.7E+01,c**,1.1E+02,c*,,,,,2.8E+00,c*,,1.6E-02,,c*
Cyclohexanone (108-94-1),108-94-1,2.8E+03,n,1.3E+04,ns,7.3E+01,n,3.1E+02,n,1.4E+02,n,,3.4E-02,,n
Cyclohexene (110-83-8),110-83-8,3.1E+01,n,3.1E+02,ns,1.0E+02,n,4.4E+02,n,7.0E+00,n,,4.6E-03,,n
Cyclohexylamine (108-91-8),108-91-8,1.6E+03,n,2.3E+04,n,,,,,3.8E+02,n,,1.0E-01,,n
Cyfluthrin (68359-37-5),68359-37-5,1.6E+02,n,2.1E+03,n,,,,,1.2E+01,n,,3.1E+00,,n
Cyhalothrin (68085-85-8),68085-85-8,6.3E+00,n,8.2E+01,n,,,,,2.0E+00,n,,1.4E+00,,n
Cyromazine (66215-27-8),66215-27-8,3.2E+03,n,4.1E+04,n,,,,,9.9E+02,n,,2.5E-01,,n
"DDD, p,p`- (DDD) (72-54-8)",72-54-8,1.9E-01,n,2.5E+00,n,4.1E-02,c,1.8E-01,c,6.3E-03,n,,1.5E-03,,n
"DDE, p,p'- (72-55-9)",72-55-9,2.0E+00,c**,9.3E+00,c**,2.9E-02,c,1.3E-01,c,4.6E-02,c*,,1.1E-02,,c*
DDT (50-29-3),50-29-3,1.9E+00,c**,8.5E+00,c**,2.9E-02,c,1.3E-01,c,2.3E-01,c**,,7.7E-02,,c**
Dalapon (75-99-0),75-99-0,1.9E+02,n,2.5E+03,n,,,,,6.0E+01,n,2.0E+02,1.2E-02,4.1E-02,n
Daminozide (1596-84-5),1596-84-5,3.0E+01,c*,1.3E+02,c*,5.5E-01,c,2.4E+00,c,4.3E+00,c*,,9.5E-04,,c*
"Decabromodiphenyl ether, 2,2',3,3',4,4',5,5',6,6'- (BDE-209) (1163-19-5)",1163-19-5,4.4E+01,n,5.7E+02,n,,,,,1.4E+01,n,,7.8E+00,,n
Demeton (8065-48-3),8065-48-3,2.5E-01,n,3.3E+00,n,,,,,4.2E-02,n,,,,n
Di(2-ethylhexyl)adipate (103-23-1),103-23-1,4.5E+02,c**,1.9E+03,c*,,,,,6.5E+01,c*,4.0E+02,4.7E+00,2.9E+01,c*
Diallate (2303-16-4),2303-16-4,8.9E+00,c,3.8E+01,c,,,,,5.4E-01,c,,8.0E-04,,c
Diammonium phosphate (7783-28-0),7783-28-0,3.8E+05,nm,5.7E+06,nm,,,,,9.7E+04,n,,,,n
Diazinon (333-41-5),333-41-5,4.4E+00,n,5.7E+01,n,,,,,1.0E+00,n,,6.5E-03,,n
"Dibenz[a,h]anthracene (53-70-3)",53-70-3,1.1E-01,c,2.1E+00,c,1.7E-03,c,2.0E-02,c,2.5E-02,c,,9.6E-02,,c
"Dibenzo(a,e)pyrene (192-65-4)",192-65-4,4.2E-02,c,1.8E-01,c,2.6E-03,c,1.1E-02,c,6.5E-03,c,,8.4E-02,,c
Dibenzofuran (132-64-9),132-64-9,7.3E+00,n,1.0E+02,n,,,,,7.9E-01,n,,1.5E-02,,n
Dibenzothiophene (132-65-0),132-65-0,7.8E+01,n,1.2E+03,n,,,,,6.5E+00,n,,1.2E-01,,n
"Dibromo-3-chloropropane, 1,2- (96-12-8)",96-12-8,5.3E-03,c*,6.4E-02,c*,1.7E-04,c,2.0E-03,c*,3.3E-04,c,2.0E-01,1.4E-07,8.6E-05,c
"Dibromobenzene, 1,3- (108-36-1)",108-36-1,3.1E+00,n,4.7E+01,n,,,,,5.3E-01,n,,5.1E-04,,n
"Dibromobenzene, 1,4- (106-37-6)",106-37-6,7.8E+01,n,1.2E+03,n,,,,,1.3E+01,n,,1.2E-02,,n
Dibromochloromethane (124-48-1),124-48-1,8.3E+00,c*,3.9E+01,c*,,,,,8.7E-01,c*,8.0E+01,2.3E-04,2.1E-02,c*
"Dibromoethane, 1,2- (106-93-4)",106-93-4,3.6E-02,c,1.6E-01,c,4.7E-03,c,2.0E-02,c,7.5E-03,c,5.0E-02,2.1E-06,1.4E-05,c
Dibromomethane (Methylene Bromide) (74-95-3),74-95-3,2.4E+00,n,9.9E+00,n,4.2E-01,n,1.8E+00,n,8.3E-01,n,,2.1E-04,,n
Dibutyl Phthalate (84-74-2),84-74-2,6.3E+02,n,8.2E+03,n,,,,,9.0E+01,n,,2.3E-01,,n
Dibutyltin Compounds (E1790660),E1790660,1.9E+00,n,2.5E+01,n,,,,,6.0E-01,n,,,,n
Dicalcium phosphate (7757-93-9),7757-93-9,3.8E+05,nm,5.7E+06,nm,,,,,9.7E+04,n,,,,n
Dicamba (1918-00-9),1918-00-9,1.9E+02,n,2.5E+03,n,,,,,5.7E+01,n,,1.5E-02,,n
"Dichloro-2-butene, 1,4- (764-41-0)",764-41-0,2.1E-03,c,9.4E-03,c,6.7E-04,c,2.9E-03,c,1.3E-03,c,,6.6E-07,,c
"Dichloro-2-butene, cis-1,4- (1476-11-5)",1476-11-5,7.4E-03,c,3.2E-02,c,6.7E-04,c,2.9E-03,c,1.3E-03,c,,6.2E-07,,c
"Dichloro-2-butene, trans-1,4- (110-57-6)",110-57-6,7.4E-03,c,3.2E-02,c,6.7E-04,c,2.9E-03,c,1.3E-03,c,,6.2E-07,,c
Dichloroacetic Acid (79-43-6),79-43-6,1.1E+01,c**,4.6E+01,c**,,,,,1.5E+00,c**,6.0E+01,3.1E-04,1.2E-02,c**
"Dichlorobenzene, 1,2- (95-50-1)",95-50-1,1.8E+02,n,9.3E+02,ns,2.1E+01,n,8.8E+01,n,3.0E+01,n,6.0E+02,3.0E-02,5.8E-01,n
"Dichlorobenzene, 1,4- (106-46-7)",106-46-7,2.6E+00,c,1.1E+01,c,2.6E-01,c,1.1E+00,c,4.8E-01,c,7.5E+01,4.6E-04,7.2E-02,c
"Dichlorobenzidine, 3,3'- (91-94-1)",91-94-1,1.2E+00,c,5.1E+00,c,8.3E-03,c,3.6E-02,c,1.3E-01,c,,8.2E-04,,c
"Dichlorobenzophenone, 4,4'- (90-98-2)",90-98-2,5.7E+01,n,7.4E+02,n,,,,,7.8E+00,n,,4.7E-02,,n
Dichlorodifluoromethane (75-71-8),75-71-8,8.7E+00,n,3.7E+01,n,1.0E+01,n,4.4E+01,n,2.0E+01,n,,3.0E-02,,n
"Dichloroethane, 1,1- (75-34-3)",75-34-3,3.6E+00,c,1.6E+01,c,1.8E+00,c,7.7E+00,c,2.8E+00,c,,7.8E-04,,c
"Dichloroethane, 1,2- (107-06-2)",107-06-2,4.6E-01,c**,2.0E+00,c**,1.1E-01,c**,4.7E-01,c**,1.7E-01,c**,5.0E+00,4.8E-05,1.4E-03,c**
"Dichloroethylene, 1,1- (75-35-4)",75-35-4,2.3E+01,n,1.0E+02,n,2.1E+01,n,8.8E+01,n,2.8E+01,n,7.0E+00,1.0E-02,2.5E-03,n
"Dichloroethylene, 1,2-cis- (156-59-2)",156-59-2,1.6E+01,n,2.3E+02,n,,,,,3.6E+00,n,7.0E+01,1.1E-03,2.1E-02,n
"Dichloroethylene, 1,2-trans- (156-60-5)",156-60-5,1.6E+02,n,2.3E+03,ns,,,,,3.6E+01,n,1.0E+02,1.1E-02,3.1E-02,n
"Dichlorophenol, 2,4- (120-83-2)",120-83-2,1.9E+01,n,2.5E+02,n,,,,,4.6E+00,n,,2.3E-03,,n
"Dichlorophenoxy Acetic Acid, 2,4- (94-75-7)",94-75-7,7.0E+01,n,9.6E+02,n,,,,,1.7E+01,n,7.0E+01,4.5E-03,1.8E-02,n
"Dichloropropane, 1,2- (78-87-5)",78-87-5,1.6E+00,n,6.6E+00,n,4.2E-01,n,1.8E+00,n,8.2E-01,n,5.0E+00,2.7E-04,1.7E-03,n
"Dichloropropane, 1,3- (142-28-9)",142-28-9,1.6E+02,n,2.3E+03,ns,,,,,3.7E+01,n,,1.3E-02,,n
"Dichloropropanol, 2,3- (616-23-9)",616-23-9,1.9E+01,n,2.5E+02,n,,,,,5.9E+00,n,,1.3E-03,,n
"Dichloropropene, 1,3- (542-75-6)",542-75-6,1.8E+00,c**,8.2E+00,c**,7.0E-01,c**,3.1E+00,c**,4.7E-01,c**,,1.7E-04,,c**
Dichlorvos (62-73-7),62-73-7,1.9E+00,c**,7.9E+00,c**,3.4E-02,c**,1.5E-01,c**,2.6E-01,c**,,8.1E-05,,c**
Dicrotophos (141-66-2),141-66-2,1.9E-01,n,2.5E+00,n,,,,,6.0E-02,n,,1.4E-05,,n
Dicyclopentadiene (77-73-6),77-73-6,1.3E-01,n,5.4E-01,n,3.1E-02,n,1.3E-01,n,6.3E-02,n,,2.2E-04,,n
Dieldrin (60-57-1),60-57-1,3.4E-02,c**,1.4E-01,c*,6.1E-04,c,2.7E-03,c,1.8E-03,c*,,7.1E-05,,c*
Diesel Engine Exhaust (E17136615),E17136615,,,,,9.4E-03,c*,4.1E-02,c*,,,,,,
Diethanolamine (111-42-2),111-42-2,1.3E+01,n,1.6E+02,n,2.1E-02,n,8.8E-02,n,4.0E+00,n,,8.1E-04,,n
Diethyl Phthalate (84-66-2),84-66-2,5.1E+03,n,6.6E+04,n,,,,,1.5E+03,n,,6.1E-01,,n
Diethylene Glycol Monobutyl Ether (112-34-5),112-34-5,1.9E+02,n,2.4E+03,n,1.0E-02,n,4.4E-02,n,6.0E+01,n,,1.3E-02,,n
Diethylene Glycol Monoethyl Ether (111-90-0),111-90-0,3.8E+02,n,4.8E+03,n,3.1E-02,n,1.3E-01,n,1.2E+02,n,,2.4E-02,,n
Diethylformamide (617-84-5),617-84-5,7.8E+00,n,1.2E+02,n,,,,,2.0E+00,n,,4.1E-04,,n
Diethylstilbestrol (56-53-1),56-53-1,1.6E-03,c,6.6E-03,c,2.8E-05,c,1.2E-04,c,5.1E-05,c,,2.8E-05,,c
Difenzoquat (43222-48-6),43222-48-6,5.2E+02,n,6.8E+03,n,,,,,1.7E+02,n,,2.6E+01,,n
Diflubenzuron (35367-38-5),35367-38-5,1.3E+02,n,1.6E+03,n,,,,,2.9E+01,n,,3.3E-02,,n
"Difluoroethane, 1,1- (75-37-6)",75-37-6,4.8E+03,ns,2.0E+04,ns,4.2E+03,n,1.8E+04,n,8.3E+03,n,,2.8E+00,,n
"Difluoropropane, 2,2- (420-45-1)",420-45-1,2.4E+03,ns,1.0E+04,ns,3.1E+03,n,1.3E+04,n,6.3E+03,n,,1.4E+01,,n
Dihydrosafrole (94-58-6),94-58-6,9.9E+00,c,4.5E+01,c,2.2E-01,c,9.4E-01,c,3.0E-01,c,,1.9E-04,,c
Diisopropyl Ether (108-20-3),108-20-3,2.2E+02,n,9.4E+02,n,7.3E+01,n,3.1E+02,n,1.5E+02,n,,3.7E-02,,n
Diisopropyl Methylphosphonate (1445-75-6),1445-75-6,6.3E+02,ns,9.3E+03,ns,,,,,1.6E+02,n,,4.5E-02,,n
Dimagnesium phosphate (7782-75-4),7782-75-4,3.8E+05,nm,5.7E+06,nm,,,,,9.7E+04,n,,,,n
Dimethipin (55290-64-7),55290-64-7,1.4E+02,n,1.8E+03,n,,,,,4.4E+01,n,,9.6E-03,,n
Dimethoate (60-51-5),60-51-5,1.4E+01,n,1.8E+02,n,,,,,4.4E+00,n,,9.9E-04,,n
"Dimethoxybenzidine, 3,3'- (119-90-4)",119-90-4,3.4E-01,c,1.4E+00,c,,,,,4.7E-02,c,,5.8E-05,,c
Dimethyl methylphosphonate (756-79-6),756-79-6,3.2E+02,c**,1.4E+03,c**,,,,,4.6E+01,c**,,9.6E-03,,c**
Dimethylamino azobenzene [p-] (60-11-7),60-11-7,1.2E-01,c,5.0E-01,c,2.2E-03,c,9.4E-03,c,5.0E-03,c,,2.1E-05,,c
"Dimethylaniline HCl, 2,4- (21436-96-4)",21436-96-4,9.4E-01,c,4.0E+00,c,,,,,1.3E-01,c,,1.2E-04,,c
"Dimethylaniline, 2,4- (95-68-1)",95-68-1,2.7E+00,c**,1.1E+01,c*,,,,,3.7E-01,c*,,2.1E-04,,c*
"Dimethylaniline, N,N- (121-69-7)",121-69-7,1.6E+01,n,1.2E+02,c**,,,,,2.5E+00,c**,,9.0E-04,,c**
"Dimethylbenz(a)anthracene, 7,12- (57-97-6)",57-97-6,4.6E-04,c,8.4E-03,c,1.4E-05,c,1.7E-04,c,1.0E-04,c,,9.9E-05,,c
"Dimethylbenzidine, 3,3'- (119-93-7)",119-93-7,4.9E-02,c,2.1E-01,c,,,,,6.5E-03,c,,4.3E-05,,c
Dimethylformamide (68-12-2),68-12-2,2.6E+02,n,1.5E+03,n,3.1E+00,n,1.3E+01,n,6.1E+00,n,,1.2E-03,,n
"Dimethylhydrazine, 1,1- (57-14-7)",57-14-7,5.7E-03,n,2.4E-02,n,2.1E-04,n,8.8E-04,n,4.2E-04,n,,9.3E-08,,n
"Dimethylhydrazine, 1,2- (540-73-8)",540-73-8,8.8E-04,c,4.1E-03,c,1.8E-05,c,7.7E-05,c,2.8E-05,c,,6.5E-09,,c
"Dimethylphenol, 2,4- (105-67-9)",105-67-9,1.3E+02,n,1.6E+03,n,,,,,3.6E+01,n,,4.2E-02,,n
"Dimethylphenol, 2,6- (576-26-1)",576-26-1,3.8E+00,n,4.9E+01,n,,,,,1.1E+00,n,,1.3E-03,,n
"Dimethylphenol, 3,4- (95-65-8)",95-65-8,6.3E+00,n,8.2E+01,n,,,,,1.8E+00,n,,2.1E-03,,n
Dimethylterephthalate (120-61-6),120-61-6,7.8E+02,n,1.2E+04,n,,,,,1.9E+02,n,,4.9E-02,,n
Dimethylvinylchloride (513-37-1),513-37-1,1.1E+00,c,4.8E+00,c,2.2E-01,c,9.4E-01,c,3.3E-01,c,,1.1E-04,,c
"Dinitro-o-cresol, 4,6- (534-52-1)",534-52-1,5.1E-01,n,6.6E+00,n,,,,,1.5E-01,n,,2.6E-04,,n
"Dinitro-o-cyclohexyl Phenol, 4,6- (131-89-5)",131-89-5,1.3E+01,n,1.6E+02,n,,,,,2.3E+00,n,,7.7E-02,,n
"Dinitrobenzene, 1,2- (528-29-0)",528-29-0,6.3E-01,n,8.2E+00,n,,,,,1.9E-01,n,,1.8E-04,,n
"Dinitrobenzene, 1,3- (99-65-0)",99-65-0,6.3E-01,n,8.2E+00,n,,,,,2.0E-01,n,,1.8E-04,,n
"Dinitrobenzene, 1,4- (100-25-4)",100-25-4,6.3E-01,n,8.2E+00,n,,,,,2.0E-01,n,,1.8E-04,,n
"Dinitrophenol, 2,4- (51-28-5)",51-28-5,1.3E+01,n,1.6E+02,n,,,,,3.9E+00,n,,4.4E-03,,n
"Dinitrotoluene Mixture, 2,4/2,6- (E1615210)",E1615210,8.0E-01,c,3.4E+00,c,,,,,1.1E-01,c,,1.5E-04,,c
"Dinitrotoluene, 2,4- (121-14-2)",121-14-2,1.7E+00,c**,7.4E+00,c*,3.2E-02,c,1.4E-01,c,2.4E-01,c*,,3.2E-04,,c*
"Dinitrotoluene, 2,6- (606-20-2)",606-20-2,3.6E-01,c**,1.5E+00,c*,,,,,4.9E-02,c*,,6.7E-05,,c*
"Dinitrotoluene, 2-Amino-4,6- (35572-78-2)",35572-78-2,1.5E+01,n,2.3E+02,n,,,,,3.9E+00,n,,3.0E-03,,n
"Dinitrotoluene, 4-Amino-2,6- (19406-51-0)",19406-51-0,1.5E+01,n,2.3E+02,n,,,,,3.9E+00,n,,3.0E-03,,n
"Dinitrotoluene, Technical grade (25321-14-6)",25321-14-6,1.2E+00,c**,5.1E+00,c*,,,,,1.0E-01,c*,,1.4E-04,,c*
Dinoseb (88-85-7),88-85-7,6.3E+00,n,8.2E+01,n,,,,,1.5E+00,n,7.0E+00,1.3E-02,6.2E-02,n
"Dioxane, 1,4- (123-91-1)",123-91-1,5.3E+00,c*,2.4E+01,c*,5.6E-01,c**,2.5E+00,c**,4.6E-01,c*,,9.4E-05,,c*
Diphenamid (957-51-7),957-51-7,1.9E+02,n,2.5E+03,n,,,,,5.3E+01,n,,5.2E-01,,n
Diphenyl Ether (101-84-8),101-84-8,3.4E+00,n,1.4E+01,n,4.2E-02,n,1.8E-01,n,8.3E-02,n,,3.4E-04,,n
Diphenyl Sulfone (127-63-9),127-63-9,5.1E+00,n,6.6E+01,n,,,,,1.5E+00,n,,3.6E-03,,n
Diphenylamine (122-39-4),122-39-4,6.3E+02,n,8.2E+03,n,,,,,1.3E+02,n,,2.3E-01,,n
"Diphenylhydrazine, 1,2- (122-66-7)",122-66-7,6.8E-01,c,2.9E+00,c,1.3E-02,c,5.6E-02,c,7.8E-02,c,,2.5E-04,,c
Dipotassium phosphate (7758-11-4),7758-11-4,3.8E+05,nm,5.7E+06,nm,,,,,9.7E+04,n,,,,n
Diquat (85-00-7),85-00-7,1.4E+01,n,1.8E+02,n,,,,,4.4E+00,n,2.0E+01,8.3E-02,3.7E-01,n
Direct Black 38 (1937-37-7),1937-37-7,7.6E-02,c,3.2E-01,c,2.0E-05,c,8.8E-05,c,1.1E-02,c,,5.3E+00,,c
Direct Blue 6 (2602-46-2),2602-46-2,7.3E-02,c,3.1E-01,c,2.0E-05,c,8.8E-05,c,1.1E-02,c,,1.7E+01,,c
Direct Brown 95 (16071-86-6),16071-86-6,8.1E-02,c,3.4E-01,c,2.0E-05,c,8.8E-05,c,1.2E-02,c,,1.6E-01,,c
Disodium phosphate (7558-79-4),7558-79-4,3.8E+05,nm,5.7E+06,nm,,,,,9.7E+04,n,,,,n
Disulfoton (298-04-4),298-04-4,2.5E-01,n,3.3E+00,n,,,,,5.0E-02,n,,9.4E-05,,n
"Dithiane, 1,4- (505-29-3)",505-29-3,7.8E+01,n,1.2E+03,n,,,,,2.0E+01,n,,9.7E-03,,n
Diuron (330-54-1),330-54-1,1.3E+01,n,1.6E+02,n,,,,,3.6E+00,n,,1.5E-03,,n
Dodine (2439-10-3),2439-10-3,1.3E+02,n,1.6E+03,n,,,,,4.0E+01,n,,2.1E-01,,n
EPTC (759-94-4),759-94-4,3.9E+02,n,5.8E+03,n,,,,,7.5E+01,n,,4.0E-02,,n
Endosulfan (115-29-7),115-29-7,4.7E+01,n,7.0E+02,n,,,,,1.0E+01,n,,1.4E-01,,n
Endothall (145-73-3),145-73-3,1.3E+02,n,1.6E+03,n,,,,,3.8E+01,n,1.0E+02,9.1E-03,2.4E-02,n
Endrin (72-20-8),72-20-8,1.9E+00,n,2.5E+01,n,,,,,2.3E-01,n,2.0E+00,9.2E-03,8.1E-02,n
Epichlorohydrin (106-89-8),106-89-8,1.9E+00,n,8.2E+00,n,1.0E-01,n,4.4E-01,n,2.0E-01,n,,4.5E-05,,n
"Epoxybutane, 1,2- (106-88-7)",106-88-7,1.6E+01,n,6.7E+01,n,2.1E+00,n,8.8E+00,n,4.2E+00,n,,9.2E-04,,n
"Ethanol, 2-(2-methoxyethoxy)- (111-77-3)",111-77-3,2.5E+02,n,3.3E+03,n,,,,,8.0E+01,n,,1.6E-02,,n
Ethephon (16672-87-0),16672-87-0,3.2E+01,n,4.1E+02,n,,,,,1.0E+01,n,,2.1E-03,,n
Ethion (563-12-2),563-12-2,3.2E+00,n,4.1E+01,n,,,,,4.3E-01,n,,8.5E-04,,n
"Ethoxyethanol Acetate, 2- (111-15-9)",111-15-9,2.6E+02,n,1.4E+03,n,6.3E+00,n,2.6E+01,n,1.2E+01,n,,2.5E-03,,n
"Ethoxyethanol, 2- (110-80-5)",110-80-5,5.2E+02,n,4.7E+03,n,2.1E+01,n,8.8E+01,n,3.4E+01,n,,6.8E-03,,n
Ethyl Acetate (141-78-6),141-78-6,6.2E+01,n,2.6E+02,n,7.3E+00,n,3.1E+01,n,1.4E+01,n,,3.1E-03,,n
Ethyl Acrylate (140-88-5),140-88-5,4.7E+00,n,2.1E+01,n,8.3E-01,n,3.5E+00,n,1.4E+00,n,,3.2E-04,,n
Ethyl Chloride (Chloroethane) (75-00-3),75-00-3,1.4E+03,n,5.7E+03,ns,1.0E+03,n,4.4E+03,n,2.1E+03,n,,5.9E-01,,n
Ethyl Ether (60-29-7),60-29-7,1.6E+03,n,2.3E+04,ns,,,,,3.9E+02,n,,8.8E-02,,n
Ethyl Methacrylate (97-63-2),97-63-2,1.8E+02,n,7.6E+02,n,3.1E+01,n,1.3E+02,n,6.3E+01,n,,1.5E-02,,n
Ethyl-p-nitrophenyl Phosphonate (2104-64-5),2104-64-5,6.3E-02,n,8.2E-01,n,,,,,8.9E-03,n,,2.8E-04,,n
Ethylbenzene (100-41-4),100-41-4,5.8E+00,c*,2.5E+01,c*,1.1E+00,c*,4.9E+00,c*,1.5E+00,c*,7.0E+02,1.7E-03,7.8E-01,c*
Ethylene Cyanohydrin (109-78-4),109-78-4,4.4E+02,n,5.7E+03,n,,,,,1.4E+02,n,,2.8E-02,,n
Ethylene Diamine (107-15-3),107-15-3,7.0E+02,n,1.1E+04,n,,,,,1.8E+02,n,,4.1E-02,,n
Ethylene Glycol (107-21-1),107-21-1,1.3E+04,n,1.6E+05,nm,4.2E+01,n,1.8E+02,n,4.0E+03,n,,8.1E-01,,n
Ethylene Glycol Monobutyl Ether (111-76-2),111-76-2,6.3E+02,n,8.2E+03,n,1.7E+02,n,7.0E+02,n,2.0E+02,n,,4.1E-02,,n
Ethylene Oxide (75-21-8),75-21-8,2.0E-03,c,2.5E-02,c,3.4E-04,c,4.1E-03,c,6.7E-04,c,,1.4E-07,,c
Ethylene Thiourea (96-45-7),96-45-7,5.1E-01,n,6.6E+00,n,2.2E-01,c,9.4E-01,c,1.6E-01,n,,3.6E-05,,n
Ethyleneimine (151-56-4),151-56-4,2.7E-03,c,1.2E-02,c,1.5E-04,c,6.5E-04,c,2.4E-04,c,,5.2E-08,,c
Ethylphthalyl Ethyl Glycolate (84-72-0),84-72-0,1.9E+04,n,2.5E+05,nm,,,,,5.8E+03,n,,1.3E+01,,n
Fenamiphos (22224-92-6),22224-92-6,1.6E+00,n,2.1E+01,n,,,,,4.4E-01,n,,4.3E-04,,n
Fenpropathrin (39515-41-8),39515-41-8,1.6E+02,n,2.1E+03,n,,,,,6.4E+00,n,,2.9E-01,,n
Fenvalerate (51630-58-1),51630-58-1,1.6E+02,n,2.1E+03,n,,,,,5.0E+01,n,,3.2E+01,,n
Fluometuron (2164-17-2),2164-17-2,8.2E+01,n,1.1E+03,n,,,,,2.4E+01,n,,1.9E-02,,n
Fluoranthene (206-44-0),206-44-0,2.4E+02,n,3.0E+03,n,,,,,8.0E+01,n,,8.9E+00,,n
Fluorene (86-73-7),86-73-7,2.4E+02,n,3.0E+03,n,,,,,2.9E+01,n,,5.4E-01,,n
Fluoride (16984-48-8),16984-48-8,3.1E+02,n,4.7E+03,n,1.4E+00,n,5.7E+00,n,8.0E+01,n,4.0E+03,1.2E+01,6.0E+02,n
Fluorine (Soluble Fluoride) (7782-41-4),7782-41-4,4.7E+02,n,7.0E+03,n,1.4E+00,n,5.7E+00,n,1.2E+02,n,4.0E+03,1.8E+01,6.0E+02,n
Fluridone (59756-60-4),59756-60-4,5.1E+02,n,6.6E+03,n,,,,,1.4E+02,n,,1.6E+01,,n
Flurprimidol (56425-91-3),56425-91-3,2.5E+02,n,3.3E+03,n,,,,,6.9E+01,n,,3.1E-01,,n
Flusilazole (85509-19-9),85509-19-9,1.3E+01,n,1.6E+02,n,,,,,3.1E+00,n,,5.1E-01,,n
Flutolanil (66332-96-5),66332-96-5,3.2E+03,n,4.1E+04,n,,,,,7.9E+02,n,,4.2E+00,,n
Fluvalinate (69409-94-5),69409-94-5,6.3E+01,n,8.2E+02,n,,,,,2.0E+01,n,,2.9E+01,,n
Folpet (133-07-3),133-07-3,5.7E+02,n,7.4E+03,n,,,,,1.6E+02,n,,3.9E-02,,n
Fomesafen (72178-02-0),72178-02-0,1.6E+01,n,2.1E+02,n,,,,,4.8E+00,n,,1.6E-02,,n
Fonofos (944-22-9),944-22-9,1.3E+01,n,1.6E+02,n,,,,,2.4E+00,n,,4.7E-03,,n
Formaldehyde (50-00-0),50-00-0,1.7E+01,c**,7.3E+01,c**,2.2E-01,c**,9.4E-01,c**,4.3E-01,c**,,8.7E-05,,c**
Formic Acid (64-18-6),64-18-6,2.9E+00,n,1.2E+01,n,3.1E-02,n,1.3E-01,n,6.3E-02,n,,1.3E-05,,n
Fosetyl-AL (39148-24-8),39148-24-8,1.6E+04,n,2.1E+05,nm,,,,,5.0E+03,n,,6.6E+01,,n
Furan (110-00-9),110-00-9,7.3E+00,n,1.0E+02,n,,,,,1.9E+00,n,,7.3E-04,,n
Furazolidone (67-45-8),67-45-8,1.4E-01,c,6.0E-01,c,,,,,2.0E-02,c,,3.9E-05,,c
Furfural (98-01-1),98-01-1,2.1E+01,n,2.6E+02,n,5.2E+00,n,2.2E+01,n,3.8E+00,n,,8.1E-04,,n
Furium (531-82-8),531-82-8,3.6E-01,c,1.5E+00,c,6.5E-03,c,2.9E-02,c,5.1E-02,c,,6.8E-05,,c
Furmecyclox (60568-05-0),60568-05-0,1.8E+01,c,7.7E+01,c,3.3E-01,c,1.4E+00,c,1.1E+00,c,,1.2E-03,,c
"Glufosinate, Ammonium (77182-82-2)",77182-82-2,3.8E+01,n,4.9E+02,n,,,,,1.2E+01,n,,2.6E-03,,n
Glutaraldehyde (111-30-8),111-30-8,6.0E+02,n,7.0E+03,n,8.3E-03,n,3.5E-02,n,2.0E+02,n,,4.0E-02,,n
Glycidyl (765-34-4),765-34-4,2.3E+00,n,2.1E+01,n,1.0E-01,n,4.4E-01,n,1.7E-01,n,,3.3E-05,,n
Glyphosate (1071-83-6),1071-83-6,6.3E+02,n,8.2E+03,n,,,,,2.0E+02,n,7.0E+02,8.8E-01,3.1E+00,n
Guanidine (113-00-8),113-00-8,7.8E+01,n,1.2E+03,n,,,,,2.0E+01,n,,4.5E-03,,n
Guanidine Chloride (50-01-1),50-01-1,1.3E+02,n,1.6E+03,n,,,,,4.0E+01,n,,,,n
Guanidine Nitrate (506-93-4),506-93-4,1.9E+02,n,2.5E+03,n,,,,,6.0E+01,n,,1.5E-02,,n
"Haloxyfop, Methyl (69806-40-2)",69806-40-2,3.2E-01,n,4.1E+00,n,,,,,7.6E-02,n,,8.4E-04,,n
Heptachlor (76-44-8),76-44-8,1.3E-01,c*,6.3E-01,c*,2.2E-03,c,9.4E-03,c,1.4E-03,c*,4.0E-01,1.2E-04,3.3E-02,c*
Heptachlor Epoxide (1024-57-3),1024-57-3,7.0E-02,c**,3.3E-01,c**,1.1E-03,c,4.7E-03,c,1.4E-03,c**,2.0E-01,2.8E-05,4.1E-03,c**
"Heptachlorobiphenyl, 2,3,3',4,4',5,5'- (PCB 189) (39635-31-9)",39635-31-9,1.3E-01,c**,5.2E-01,c**,2.5E-03,c*,1.1E-02,c*,4.0E-03,c*,,2.8E-03,,c*
"Heptanal, n- (111-71-7)",111-71-7,2.4E+00,n,1.0E+01,n,3.1E-01,n,1.3E+00,n,6.3E-01,n,,1.4E-04,,n
"Heptane, N- (142-82-5)",142-82-5,2.2E+00,n,2.9E+01,n,4.2E+01,n,1.8E+02,n,6.0E-01,n,,4.8E-03,,n
Hexabromobenzene (87-82-1),87-82-1,1.6E+01,n,2.3E+02,n,,,,,4.0E+00,n,,2.3E-02,,n
"Hexabromodiphenyl ether, 2,2',4,4',5,5'- (BDE-153) (68631-49-2)",68631-49-2,1.3E+00,n,1.6E+01,n,,,,,4.0E-01,n,,,,n
Hexachlorobenzene (118-74-1),118-74-1,2.1E-01,c*,9.6E-01,c*,6.1E-03,c,2.7E-02,c,9.8E-03,c,1.0E+00,1.2E-04,1.3E-02,c
"Hexachlorobiphenyl, 2,3',4,4',5,5'- (PCB 167) (52663-72-6)",52663-72-6,1.2E-01,c**,5.1E-01,c**,2.5E-03,c*,1.1E-02,c*,4.0E-03,c*,,1.7E-03,,c*
"Hexachlorobiphenyl, 2,3,3',4,4',5'- (PCB 157) (69782-90-7)",69782-90-7,1.2E-01,c**,5.0E-01,c**,2.5E-03,c*,1.1E-02,c*,4.0E-03,c*,,1.7E-03,,c*
"Hexachlorobiphenyl, 2,3,3',4,4',5- (PCB 156) (38380-08-4)",38380-08-4,1.2E-01,c**,5.0E-01,c**,2.5E-03,c*,1.1E-02,c*,4.0E-03,c*,,1.7E-03,,c*
"Hexachlorobiphenyl, 3,3',4,4',5,5'- (PCB 169) (32774-16-6)",32774-16-6,1.2E-04,c**,5.1E-04,c**,2.5E-06,c*,1.1E-05,c*,4.0E-06,c*,,1.7E-06,,c*
Hexachlorobutadiene (87-68-3),87-68-3,1.2E+00,c**,5.3E+00,c*,1.3E-01,c,5.6E-01,c,1.4E-01,c**,,2.7E-04,,c**
"Hexachlorocyclohexane, Alpha- (319-84-6)",319-84-6,8.6E-02,c,3.6E-01,c,1.6E-03,c,6.8E-03,c,7.2E-03,c,,4.2E-05,,c
"Hexachlorocyclohexane, Beta- (319-85-7)",319-85-7,3.0E-01,c,1.3E+00,c,5.3E-03,c,2.3E-02,c,2.5E-02,c,,1.5E-04,,c
"Hexachlorocyclohexane, Gamma- (Lindane) (58-89-9)",58-89-9,5.7E-01,c**,2.5E+00,c*,9.1E-03,c,4.0E-02,c,4.2E-02,c**,2.0E-01,2.4E-04,1.2E-03,c**
"Hexachlorocyclohexane, Technical (608-73-1)",608-73-1,3.0E-01,c,1.3E+00,c,5.5E-03,c,2.4E-02,c,2.5E-02,c,,1.5E-04,,c
Hexachlorocyclopentadiene (77-47-4),77-47-4,1.8E-01,n,7.5E-01,n,2.1E-02,n,8.8E-02,n,4.1E-02,n,5.0E+01,1.3E-04,1.6E-01,n
"Hexachlorodibenzo-p-dioxin, Mixture ()",,1.0E-04,c,4.7E-04,c,2.2E-06,c,9.4E-06,c,1.3E-05,c,,1.7E-05,,c
Hexachloroethane (67-72-1),67-72-1,1.8E+00,c**,8.0E+00,c**,2.6E-01,c*,1.1E+00,c*,3.3E-01,c**,,2.0E-04,,c**
Hexachlorophene (70-30-4),70-30-4,1.9E+00,n,2.5E+01,n,,,,,6.0E-01,n,,8.0E-01,,n
"Hexahydro-1,3,5-trinitro-1,3,5-triazine (RDX) (121-82-4)",121-82-4,6.1E+00,c**,2.8E+01,c*,,,,,7.0E-01,c**,,2.7E-04,,c**
"Hexamethylene Diisocyanate, 1,6- (822-06-0)",822-06-0,3.1E-01,n,1.3E+00,n,1.0E-03,n,4.4E-03,n,2.1E-03,n,,2.1E-05,,n
Hexamethylphosphoramide (680-31-9),680-31-9,2.5E+00,n,3.3E+01,n,,,,,8.0E-01,n,,1.8E-04,,n
"Hexane, N- (110-54-3)",110-54-3,6.1E+01,n,2.5E+02,ns,7.3E+01,n,3.1E+02,n,1.5E+02,n,,1.0E+00,,n
Hexanedioic Acid (124-04-9),124-04-9,1.3E+04,n,1.6E+05,nm,,,,,4.0E+03,n,,9.9E-01,,n
"Hexanone, 2- (591-78-6)",591-78-6,2.0E+01,n,1.3E+02,n,3.1E+00,n,1.3E+01,n,3.8E+00,n,,8.8E-04,,n
Hexazinone (51235-04-2),51235-04-2,2.1E+02,n,2.7E+03,n,,,,,6.4E+01,n,,3.0E-02,,n
Hexythiazox (78587-05-0),78587-05-0,1.6E+02,n,2.1E+03,n,,,,,1.1E+01,n,,5.0E-02,,n
Hydramethylnon (67485-29-4),67485-29-4,1.1E+02,n,1.4E+03,n,,,,,3.4E+01,n,,1.2E+04,,n
Hydrazine (302-01-2),302-01-2,3.2E-02,c**,1.4E-01,c**,5.7E-04,c**,2.5E-03,c**,1.1E-03,c**,,2.2E-07,,c**
Hydrazine Sulfate (10034-93-2),10034-93-2,2.3E-01,c,1.1E+00,c,5.7E-04,c,2.5E-03,c,2.6E-02,c,,,,c
Hydrogen Chloride (7647-01-0),7647-01-0,2.8E+06,nm,1.2E+07,nm,2.1E+00,n,8.8E+00,n,4.2E+00,n,,,,n
Hydrogen Cyanide (74-90-8),74-90-8,2.3E+00,n,1.5E+01,n,8.3E-02,n,3.5E-01,n,1.5E-01,n,,1.5E-03,,n
Hydrogen Fluoride (7664-39-3),7664-39-3,3.1E+02,n,4.7E+03,n,1.5E+00,n,6.1E+00,n,2.8E+00,n,,,,n
Hydrogen Sulfide (7783-06-4),7783-06-4,2.8E+05,nm,1.2E+06,nm,2.1E-01,n,8.8E-01,n,4.2E-01,n,,,,n
Hydroquinone (123-31-9),123-31-9,9.0E+00,c*,3.8E+01,c*,,,,,1.3E+00,c*,,8.7E-04,,c*
Imazalil (35554-44-0),35554-44-0,8.9E+00,c**,3.8E+01,c**,,,,,9.0E-01,c**,,1.5E-02,,c**
Imazaquin (81335-37-7),81335-37-7,1.6E+03,n,2.1E+04,n,,,,,4.9E+02,n,,2.4E+00,,n
Imazethapyr (81335-77-5),81335-77-5,1.6E+04,n,2.1E+05,nm,,,,,4.7E+03,n,,4.1E+00,,n
"Indeno[1,2,3-cd]pyrene (193-39-5)",193-39-5,1.1E+00,c,2.1E+01,c,1.7E-02,c,2.0E-01,c,2.5E-01,c,,9.8E-01,,c
Iodine (7553-56-2),7553-56-2,7.8E+01,n,1.2E+03,n,,,,,2.0E+01,n,,1.2E+00,,n
Iprodione (36734-19-7),36734-19-7,2.5E+02,n,3.3E+03,n,,,,,7.4E+01,n,,2.2E-02,,n
Iron (7439-89-6),7439-89-6,5.5E+03,n,8.2E+04,n,,,,,1.4E+03,n,,3.5E+01,,n
Isobutyl Alcohol (78-83-1),78-83-1,2.3E+03,n,3.5E+04,ns,,,,,5.9E+02,n,,1.2E-01,,n
Isophorone (78-59-1),78-59-1,5.7E+02,c**,2.4E+03,c**,2.1E+02,n,8.8E+02,n,7.8E+01,c**,,2.6E-02,,c**
Isopropalin (33820-53-0),33820-53-0,1.2E+02,n,1.8E+03,n,,,,,4.0E+00,n,,9.2E-02,,n
Isopropanol (67-63-0),67-63-0,5.6E+02,n,2.4E+03,n,2.1E+01,n,8.8E+01,n,4.1E+01,n,,8.4E-03,,n
Isopropyl Methyl Phosphonic Acid (1832-54-8),1832-54-8,6.3E+02,n,8.2E+03,n,,,,,2.0E+02,n,,4.3E-02,,n
Isoxaben (82558-50-7),82558-50-7,3.2E+02,n,4.1E+03,n,,,,,7.3E+01,n,,2.0E-01,,n
JP-7 (E1737665),E1737665,4.3E+07,nm,1.8E+08,nm,3.1E+01,n,1.3E+02,n,6.3E+01,n,,,,n
Lactofen (77501-63-4),77501-63-4,5.1E+01,n,6.6E+02,n,,,,,1.0E+01,n,,4.6E-01,,n
Lactonitrile (78-97-7),78-97-7,1.3E+00,n,1.6E+01,n,,,,,4.0E-01,n,,8.1E-05,,n
Lead Phosphate (7446-27-7),7446-27-7,8.2E+01,c,3.8E+02,c,2.3E-01,c,1.0E+00,c,9.1E+00,c,,,,c
Lead acetate (301-04-2),301-04-2,6.4E+01,c,2.7E+02,c,2.3E-01,c,1.0E+00,c,9.2E+00,c,,1.8E-03,,c
Lead and Compounds (7439-92-1),7439-92-1,4.0E+02,L,8.0E+02,L,1.5E-01,L,,,1.5E+01,L,1.5E+01,,1.4E+01,L
Lead subacetate (1335-32-6),1335-32-6,6.4E+01,c,2.7E+02,c,2.3E-01,c,1.0E+00,c,9.2E+00,c,,2.0E-03,,c
Lewisite (541-25-3),541-25-3,3.9E-02,n,5.8E-01,n,,,,,9.0E-03,n,,3.8E-06,,n
Linuron (330-55-2),330-55-2,4.9E+01,n,6.3E+02,n,,,,,1.3E+01,n,,1.1E-02,,n
Lithium (7439-93-2),7439-93-2,1.6E+01,n,2.3E+02,n,,,,,4.0E+00,n,,1.2E+00,,n
Lithium Perchlorate (7791-03-9),7791-03-9,5.5E+00,n,8.2E+01,n,,,,,1.4E+00,n,,,,n
MCPA (94-74-6),94-74-6,3.2E+00,n,4.1E+01,n,,,,,7.5E-01,n,,2.0E-04,,n
MCPB (94-81-5),94-81-5,2.8E+01,n,3.6E+02,n,,,,,6.5E+00,n,,2.6E-03,,n
MCPP (93-65-2),93-65-2,6.3E+00,n,8.2E+01,n,,,,,1.6E+00,n,,4.7E-04,,n
Malathion (121-75-5),121-75-5,1.3E+02,n,1.6E+03,n,,,,,3.9E+01,n,,1.0E-02,,n
Maleic Anhydride (108-31-6),108-31-6,6.3E+02,n,8.0E+03,n,7.3E-02,n,3.1E-01,n,1.9E+02,n,,3.8E-02,,n
Maleic Hydrazide (123-33-1),123-33-1,3.2E+03,n,4.1E+04,n,,,,,1.0E+03,n,,2.1E-01,,n
Malononitrile (109-77-3),109-77-3,6.3E-01,n,8.2E+00,n,,,,,2.0E-01,n,,4.1E-05,,n
Mancozeb (8018-01-7),8018-01-7,1.9E+02,n,2.5E+03,n,,,,,5.4E+01,n,,7.6E-02,,n
Maneb (12427-38-2),12427-38-2,3.2E+01,n,4.1E+02,n,,,,,9.8E+00,n,,1.4E-02,,n
Manganese (Non-diet) (7439-96-5),7439-96-5,1.8E+02,n,2.6E+03,n,5.2E-03,n,2.2E-02,n,4.3E+01,n,,2.8E+00,,n
Mephosfolan (950-10-7),950-10-7,5.7E-01,n,7.4E+00,n,,,,,1.8E-01,n,,2.6E-04,,n
Mepiquat Chloride (24307-26-4),24307-26-4,1.9E+02,n,2.5E+03,n,,,,,6.0E+01,n,,2.0E-02,,n
"Mercaptobenzothiazole, 2- (149-30-4)",149-30-4,2.5E+01,n,2.1E+02,c**,,,,,6.3E+00,c**,,1.8E-02,,c**
Mercuric Chloride (and other Mercury salts) (7487-94-7),7487-94-7,2.3E+00,n,3.5E+01,n,3.1E-02,n,1.3E-01,n,5.7E-01,n,2.0E+00,,,n
Mercury (elemental) (7439-97-6),7439-97-6,1.1E+00,n,4.6E+00,ns,3.1E-02,n,1.3E-01,n,6.3E-02,n,2.0E+00,3.3E-03,1.0E-01,n
Merphos (150-50-5),150-50-5,2.3E-01,n,3.5E+00,n,,,,,6.0E-02,n,,5.9E-03,,n
Merphos Oxide (78-48-8),78-48-8,6.3E-01,n,8.2E+00,n,,,,,2.8E-02,n,,1.4E-04,,n
Metalaxyl (57837-19-1),57837-19-1,3.8E+02,n,4.9E+03,n,,,,,1.2E+02,n,,3.3E-02,,n
Methacrylonitrile (126-98-7),126-98-7,7.5E-01,n,1.0E+01,n,3.1E+00,n,1.3E+01,n,1.9E-01,n,,4.3E-05,,n
Methamidophos (10265-92-6),10265-92-6,3.2E-01,n,4.1E+00,n,,,,,1.0E-01,n,,2.1E-05,,n
Methanol (67-56-1),67-56-1,1.2E+04,n,1.2E+05,nms,2.1E+03,n,8.8E+03,n,2.0E+03,n,,4.1E-01,,n
Methidathion (950-37-8),950-37-8,9.5E+00,n,1.2E+02,n,,,,,2.9E+00,n,,7.1E-04,,n
Methomyl (16752-77-5),16752-77-5,1.6E+02,n,2.1E+03,n,,,,,5.0E+01,n,,1.1E-02,,n
"Methoxy-5-nitroaniline, 2- (99-59-2)",99-59-2,1.1E+01,c,4.7E+01,c,2.0E-01,c,8.8E-01,c,1.5E+00,c,,5.3E-04,,c
Methoxychlor (72-43-5),72-43-5,3.2E+01,n,4.1E+02,n,,,,,3.7E+00,n,4.0E+01,2.0E-01,2.2E+00,n
"Methoxyethanol Acetate, 2- (110-49-6)",110-49-6,1.1E+01,n,5.1E+01,n,1.0E-01,n,4.4E-01,n,2.1E-01,n,,4.2E-05,,n
"Methoxyethanol, 2- (109-86-4)",109-86-4,3.3E+01,n,3.5E+02,n,2.1E+00,n,8.8E+00,n,2.9E+00,n,,5.9E-04,,n
Methyl Acetate (79-20-9),79-20-9,7.8E+03,n,1.2E+05,nms,,,,,2.0E+03,n,,4.1E-01,,n
Methyl Acrylate (96-33-3),96-33-3,1.5E+01,n,6.1E+01,n,2.1E+00,n,8.8E+00,n,4.2E+00,n,,8.9E-04,,n
Methyl Ethyl Ketone (2-Butanone) (78-93-3),78-93-3,2.7E+03,n,1.9E+04,n,5.2E+02,n,2.2E+03,n,5.6E+02,n,,1.2E-01,,n
Methyl Hydrazine (60-34-4),60-34-4,1.0E-01,n,4.4E-01,n,2.1E-03,n,8.8E-03,n,4.2E-03,n,,9.4E-07,,n
Methyl Isobutyl Ketone (4-methyl-2-pentanone) (108-10-1),108-10-1,3.3E+03,n,1.4E+04,ns,3.1E+02,n,1.3E+03,n,6.3E+02,n,,1.4E-01,,n
Methyl Isocyanate (624-83-9),624-83-9,4.6E-01,n,1.9E+00,n,1.0E-01,n,4.4E-01,n,2.1E-01,n,,5.9E-05,,n
Methyl Mercury (22967-92-6),22967-92-6,7.8E-01,n,1.2E+01,n,,,,,2.0E-01,n,,1.4E+00,,n
Methyl Methacrylate (80-62-6),80-62-6,4.4E+02,n,1.9E+03,n,7.3E+01,n,3.1E+02,n,1.4E+02,n,,3.0E-02,,n
Methyl Parathion (298-00-0),298-00-0,1.6E+00,n,2.1E+01,n,,,,,4.5E-01,n,,7.4E-04,,n
Methyl Phosphonic Acid (993-13-5),993-13-5,3.8E+02,n,4.9E+03,n,,,,,1.2E+02,n,,2.4E-02,,n
Methyl Styrene (Mixed Isomers) (25013-15-4),25013-15-4,3.2E+01,n,2.6E+02,n,4.2E+00,n,1.8E+01,n,2.3E+00,n,,3.8E-03,,n
Methyl methanesulfonate (66-27-3),66-27-3,5.5E+00,c,2.3E+01,c,1.0E-01,c,4.4E-01,c,7.9E-01,c,,1.6E-04,,c
Methyl tert-Butyl Ether (MTBE) (1634-04-4),1634-04-4,4.7E+01,c*,2.1E+02,c*,1.1E+01,c*,4.7E+01,c*,1.4E+01,c*,,3.2E-03,,c*
"Methyl-1,4-benzenediamine dihydrochloride, 2- (615-45-2)",615-45-2,1.9E+00,n,2.5E+01,n,,,,,6.0E-01,n,,3.6E-04,,n
"Methyl-2-Pentanol, 4- (108-11-2)",108-11-2,5.4E+03,ns,2.3E+04,ns,3.1E+02,n,1.3E+03,n,6.3E+02,n,,1.4E-01,,n
"Methyl-5-Nitroaniline, 2- (99-55-8)",99-55-8,6.0E+01,c**,2.6E+02,c**,,,,,8.2E+00,c**,,4.6E-03,,c**
"Methyl-N-nitro-N-nitrosoguanidine, N- (70-25-7)",70-25-7,6.5E-02,c,2.8E-01,c,1.2E-03,c,5.1E-03,c,9.4E-03,c,,3.2E-06,,c
"Methylaniline Hydrochloride, 2- (636-21-5)",636-21-5,4.2E+00,c,1.8E+01,c,7.6E-02,c,3.3E-01,c,6.0E-01,c,,2.6E-04,,c
Methylarsonic acid (124-58-3),124-58-3,6.3E+01,n,8.2E+02,n,,,,,2.0E+01,n,,5.8E-03,,n
"Methylbenzene,1-4-diamine monohydrochloride, 2- (74612-12-7)",74612-12-7,1.3E+00,n,1.6E+01,n,,,,,4.0E-01,n,,,,n
"Methylbenzene-1,4-diamine sulfate, 2- (615-50-9)",615-50-9,1.9E+00,n,2.3E+01,c**,,,,,6.0E-01,n,,,,n
"Methylcholanthrene, 3- (56-49-5)",56-49-5,5.5E-03,c,1.0E-01,c,1.6E-04,c,1.9E-03,c,1.1E-03,c,,2.2E-03,,c
Methylene Chloride (75-09-2),75-09-2,3.5E+01,n,3.2E+02,n,6.3E+01,n,2.6E+02,n,1.1E+01,n,5.0E+00,2.7E-03,1.3E-03,n
"Methylene-bis(2-chloroaniline), 4,4'- (101-14-4)",101-14-4,1.2E+00,c*,2.3E+01,c**,2.4E-03,c,2.9E-02,c,1.6E-01,c*,,1.8E-03,,c*
"Methylene-bis(N,N-dimethyl) Aniline, 4,4'- (101-61-1)",101-61-1,1.2E+01,c,5.0E+01,c,2.2E-01,c,9.4E-01,c,4.8E-01,c,,2.6E-03,,c
"Methylenebisbenzenamine, 4,4'- (101-77-9)",101-77-9,3.4E-01,c,1.4E+00,c,6.1E-03,c,2.7E-02,c,4.7E-02,c,,2.1E-04,,c
Methylenediphenyl Diisocyanate (101-68-8),101-68-8,8.5E+04,n,3.6E+05,nm,6.3E-02,n,2.6E-01,n,,,,,,
"Methylnaphthalene, 1- (90-12-0)",90-12-0,1.8E+01,c*,7.3E+01,c*,,,,,1.1E+00,c*,,6.0E-03,,c*
"Methylnaphthalene, 2- (91-57-6)",91-57-6,2.4E+01,n,3.0E+02,n,,,,,3.6E+00,n,,1.9E-02,,n
"Methylstyrene, Alpha- (98-83-9)",98-83-9,5.5E+02,ns,8.2E+03,ns,,,,,7.8E+01,n,,1.2E-01,,n
Metolachlor (51218-45-2),51218-45-2,9.5E+02,n,1.2E+04,n,,,,,2.7E+02,n,,3.2E-01,,n
Metribuzin (21087-64-9),21087-64-9,1.6E+02,n,2.1E+03,n,,,,,4.9E+01,n,,1.5E-02,,n
Metsulfuron-methyl (74223-64-6),74223-64-6,1.6E+03,n,2.1E+04,n,,,,,4.9E+02,n,,1.9E-01,,n
Mineral oils (8012-95-1),8012-95-1,2.3E+04,ns,3.5E+05,nms,,,,,6.0E+03,n,,2.4E+02,,n
Mirex (2385-85-5),2385-85-5,3.6E-02,c*,1.7E-01,c,5.5E-04,c,2.4E-03,c,8.8E-04,c,,6.3E-04,,c
Molinate (2212-67-1),2212-67-1,1.3E+01,n,1.6E+02,n,,,,,3.0E+00,n,,1.7E-03,,n
Molybdenum (7439-98-7),7439-98-7,3.9E+01,n,5.8E+02,n,,,,,1.0E+01,n,,2.0E-01,,n
Monoaluminum phosphate (13530-50-2),13530-50-2,3.8E+05,nm,5.7E+06,nm,,,,,9.7E+04,n,,,,n
Monoammonium phosphate (7722-76-1),7722-76-1,3.8E+05,nm,5.7E+06,nm,,,,,9.7E+04,n,,,,n
Monocalcium phosphate (7758-23-8),7758-23-8,3.8E+05,nm,5.7E+06,nm,,,,,9.7E+04,n,,,,n
Monochloramine (10599-90-3),10599-90-3,7.8E+02,n,1.2E+04,n,,,,,2.0E+02,n,4.0E+03,,,n
Monomagnesium phosphate (7757-86-0),7757-86-0,3.8E+05,nm,5.7E+06,nm,,,,,9.7E+04,n,,,,n
Monomethylaniline (100-61-8),100-61-8,1.3E+01,n,1.6E+02,n,,,,,3.8E+00,n,,1.4E-03,,n
Monopotassium phosphate (7778-77-0),7778-77-0,3.8E+05,nm,5.7E+06,nm,,,,,9.7E+04,n,,,,n
Monosodium phosphate (7558-80-7),7558-80-7,3.8E+05,nm,5.7E+06,nm,,,,,9.7E+04,n,,,,n
Myclobutanil (88671-89-0),88671-89-0,1.6E+02,n,2.1E+03,n,,,,,4.5E+01,n,,5.6E-01,,n
"N,N'-Diphenyl-1,4-benzenediamine (74-31-7)",74-31-7,1.9E+00,n,2.5E+01,n,,,,,3.6E-01,n,,3.7E-02,,n
Naled (300-76-5),300-76-5,1.6E+01,n,2.3E+02,n,,,,,4.0E+00,n,,1.8E-03,,n
"Naphtha, High Flash Aromatic (HFAN) (64742-95-6)",64742-95-6,2.3E+02,n,3.5E+03,n,1.0E+01,n,4.4E+01,n,1.5E+01,n,,,,n
Naphthalene (91-20-3),91-20-3,3.8E+00,c**,1.7E+01,c**,8.3E-02,c**,3.6E-01,c**,1.7E-01,c**,,5.4E-04,,c**
"Naphthylamine, 2- (91-59-8)",91-59-8,3.0E-01,c,1.3E+00,c,,,,,3.9E-02,c,,2.0E-04,,c
Napropamide (15299-99-7),15299-99-7,7.6E+02,n,9.8E+03,n,,,,,2.0E+02,n,,1.3E+00,,n
Nickel Acetate (373-02-4),373-02-4,6.7E+01,n,8.1E+02,n,1.5E-03,n,6.1E-03,n,2.2E+01,n,,4.5E-03,,n
Nickel Carbonate (3333-67-3),3333-67-3,6.7E+01,n,8.1E+02,n,1.5E-03,n,6.1E-03,n,2.2E+01,n,,,,n
Nickel Carbonyl (13463-39-3),13463-39-3,8.2E+01,n,1.1E+03,n,1.5E-03,n,6.1E-03,n,2.9E-03,n,,,,n
Nickel Hydroxide (12054-48-7),12054-48-7,8.2E+01,n,1.1E+03,n,1.5E-03,n,6.1E-03,n,2.0E+01,n,,,,n
Nickel Oxide (1313-99-1),1313-99-1,8.4E+01,n,1.2E+03,n,2.1E-03,n,8.8E-03,n,2.0E+01,n,,,,n
Nickel Refinery Dust (E715532),E715532,8.2E+01,n,1.1E+03,n,1.5E-03,n,6.1E-03,n,2.2E+01,n,,3.2E+00,,n
Nickel Soluble Salts (7440-02-0),7440-02-0,1.5E+02,n,2.2E+03,n,9.4E-03,n,3.9E-02,n,3.9E+01,n,,2.6E+00,,n
Nickel Subsulfide (12035-72-2),12035-72-2,4.1E-01,c,1.9E+00,c,1.5E-03,n,6.1E-03,n,4.5E-02,c,,,,c
Nickelocene (1271-28-9),1271-28-9,6.7E+01,n,8.1E+02,n,1.5E-03,n,6.1E-03,n,2.2E+01,n,,,,n
Nitrate (14797-55-8),14797-55-8,1.3E+04,n,1.9E+05,nm,,,,,3.2E+03,n,1.0E+04,,,n
Nitrite (14797-65-0),14797-65-0,7.8E+02,n,1.2E+04,n,,,,,2.0E+02,n,1.0E+03,,,n
"Nitroaniline, 2- (88-74-4)",88-74-4,6.3E+01,n,8.0E+02,n,5.2E-03,n,2.2E-02,n,1.9E+01,n,,8.0E-03,,n
"Nitroaniline, 4- (100-01-6)",100-01-6,2.5E+01,n,1.1E+02,c**,6.3E-01,n,2.6E+00,n,3.8E+00,c**,,1.6E-03,,c**
Nitrobenzene (98-95-3),98-95-3,5.1E+00,c**,2.2E+01,c**,7.0E-02,c*,3.1E-01,c*,1.4E-01,c**,,9.2E-05,,c**
Nitrocellulose (9004-70-0),9004-70-0,1.9E+07,nm,2.5E+08,nm,,,,,6.0E+06,n,,1.3E+03,,n
Nitrofurantoin (67-20-9),67-20-9,4.4E+02,n,5.7E+03,n,,,,,1.4E+02,n,,6.1E-02,,n
Nitrofurazone (59-87-0),59-87-0,4.2E-01,c,1.8E+00,c,7.6E-03,c,3.3E-02,c,6.0E-02,c,,5.4E-05,,c
Nitroglycerin (55-63-0),55-63-0,6.3E-01,n,8.2E+00,n,,,,,2.0E-01,n,,8.5E-05,,n
Nitroguanidine (556-88-7),556-88-7,6.3E+02,n,8.2E+03,n,,,,,2.0E+02,n,,4.8E-02,,n
Nitromethane (75-52-5),75-52-5,5.4E+00,c**,2.4E+01,c**,3.2E-01,c**,1.4E+00,c**,6.4E-01,c**,,1.4E-04,,c**
"Nitropropane, 2- (79-46-9)",79-46-9,1.4E-02,c,6.0E-02,c,1.0E-03,c,4.5E-03,c,2.1E-03,c,,5.4E-07,,c
"Nitropyrene, 4- (57835-92-4)",57835-92-4,4.2E-01,c,1.8E+00,c,2.6E-02,c,1.1E-01,c,1.9E-02,c,,3.3E-03,,c
"Nitroso-N-ethylurea, N- (759-73-9)",759-73-9,4.5E-03,c,8.5E-02,c,1.3E-04,c,1.6E-03,c,9.2E-04,c,,2.2E-07,,c
"Nitroso-N-methylurea, N- (684-93-5)",684-93-5,1.0E-03,c,1.9E-02,c,3.0E-05,c,3.6E-04,c,2.1E-04,c,,4.6E-08,,c
"Nitroso-di-N-butylamine, N- (924-16-3)",924-16-3,9.9E-02,c,4.6E-01,c,1.8E-03,c,7.7E-03,c,2.7E-03,c,,5.5E-06,,c
"Nitroso-di-N-propylamine, N- (621-64-7)",621-64-7,7.8E-02,c,3.3E-01,c,1.4E-03,c,6.1E-03,c,1.1E-02,c,,8.1E-06,,c
"Nitrosodiethanolamine, N- (1116-54-7)",1116-54-7,1.9E-01,c,8.2E-01,c,3.5E-03,c,1.5E-02,c,2.8E-02,c,,5.6E-06,,c
"Nitrosodiethylamine, N- (55-18-5)",55-18-5,8.1E-04,c,1.5E-02,c,2.4E-05,c,2.9E-04,c,1.7E-04,c,,6.1E-08,,c
"Nitrosodimethylamine, N- (62-75-9)",62-75-9,2.0E-03,c*,3.4E-02,c*,7.2E-05,c*,8.8E-04,c*,1.1E-04,c*,,2.7E-08,,c*
"Nitrosodiphenylamine, N- (86-30-6)",86-30-6,1.1E+02,c,4.7E+02,c,1.1E+00,c,4.7E+00,c,1.2E+01,c,,6.7E-02,,c
"Nitrosomethylethylamine, N- (10595-95-6)",10595-95-6,2.0E-02,c,9.1E-02,c,4.5E-04,c,1.9E-03,c,7.1E-04,c,,2.0E-07,,c
Nitrosomorpholine [N-] (59-89-2),59-89-2,8.1E-02,c,3.4E-01,c,1.5E-03,c,6.5E-03,c,1.2E-02,c,,2.8E-06,,c
Nitrosopiperidine [N-] (100-75-4),100-75-4,5.8E-02,c,2.4E-01,c,1.0E-03,c,4.5E-03,c,8.2E-03,c,,4.4E-06,,c
"Nitrosopyrrolidine, N- (930-55-2)",930-55-2,2.6E-01,c,1.1E+00,c,4.6E-03,c,2.0E-02,c,3.7E-02,c,,1.4E-05,,c
"Nitrotoluene, m- (99-08-1)",99-08-1,6.3E-01,n,8.2E+00,n,,,,,1.7E-01,n,,1.6E-04,,n
"Nitrotoluene, o- (88-72-2)",88-72-2,3.2E+00,c**,1.5E+01,c**,,,,,3.1E-01,c**,,3.0E-04,,c**
"Nitrotoluene, p- (99-99-0)",99-99-0,2.5E+01,n,1.4E+02,c**,,,,,4.3E+00,c**,,4.0E-03,,c**
"Nonane, n- (111-84-2)",111-84-2,1.1E+00,n,7.2E+00,ns,2.1E+00,n,8.8E+00,n,5.3E-01,n,,7.5E-03,,n
Norflurazon (27314-13-2),27314-13-2,9.5E+01,n,1.2E+03,n,,,,,2.9E+01,n,,1.9E-01,,n
Octabromodiphenyl Ether (32536-52-0),32536-52-0,1.9E+01,n,2.5E+02,n,,,,,6.0E+00,n,,1.2E+00,,n
"Octahydro-1,3,5,7-tetranitro-1,3,5,7-tetrazocine (HMX) (2691-41-0)",2691-41-0,3.9E+02,n,5.7E+03,n,,,,,1.0E+02,n,,1.3E-01,,n
Octamethylpyrophosphoramide (152-16-9),152-16-9,1.3E+01,n,1.6E+02,n,,,,,4.0E+00,n,,9.6E-04,,n
"Octyl Phthalate, di-N- (117-84-0)",117-84-0,6.3E+01,n,8.2E+02,n,,,,,2.0E+01,n,,5.7E+00,,n
Oryzalin (19044-88-3),19044-88-3,7.0E+01,c*,2.9E+02,c*,,,,,7.9E+00,c*,,1.5E-02,,c*
Oxadiazon (19666-30-9),19666-30-9,3.2E+01,n,4.1E+02,n,,,,,4.7E+00,n,,4.8E-02,,n
Oxamyl (23135-22-0),23135-22-0,1.6E+02,n,2.1E+03,n,,,,,5.0E+01,n,2.0E+02,1.1E-02,4.4E-02,n
Oxyfluorfen (42874-03-3),42874-03-3,7.4E+00,c*,3.1E+01,c*,,,,,5.4E-01,c*,,4.3E-02,,c*
Paclobutrazol (76738-62-0),76738-62-0,8.2E+01,n,1.1E+03,n,,,,,2.3E+01,n,,4.6E-02,,n
Paraquat Dichloride (1910-42-5),1910-42-5,2.8E+01,n,3.7E+02,n,,,,,9.0E+00,n,,1.2E-01,,n
Parathion (56-38-2),56-38-2,3.8E+01,n,4.9E+02,n,,,,,8.6E+00,n,,4.3E-02,,n
Pebulate (1114-71-2),1114-71-2,3.9E+02,n,5.8E+03,n,,,,,5.6E+01,n,,4.5E-02,,n
Pendimethalin (40487-42-1),40487-42-1,1.9E+03,n,2.5E+04,n,,,,,1.4E+02,n,,1.6E+00,,n
Pentabromodiphenyl Ether (32534-81-9),32534-81-9,1.6E+01,ns,2.3E+02,ns,,,,,4.0E+00,n,,1.7E-01,,n
"Pentabromodiphenyl ether, 2,2',4,4',5- (BDE-99) (60348-60-9)",60348-60-9,6.3E-01,n,8.2E+00,n,,,,,2.0E-01,n,,8.7E-03,,n
Pentachlorobenzene (608-93-5),608-93-5,6.3E+00,n,9.3E+01,n,,,,,3.2E-01,n,,2.4E-03,,n
"Pentachlorobiphenyl, 2',3,4,4',5- (PCB 123) (65510-44-3)",65510-44-3,1.2E-01,c**,4.9E-01,c**,2.5E-03,c*,1.1E-02,c*,4.0E-03,c*,,1.0E-03,,c*
"Pentachlorobiphenyl, 2,3',4,4',5- (PCB 118) (31508-00-6)",31508-00-6,1.2E-01,c**,4.9E-01,c**,2.5E-03,c*,1.1E-02,c*,4.0E-03,c*,,1.0E-03,,c*
"Pentachlorobiphenyl, 2,3,3',4,4'- (PCB 105) (32598-14-4)",32598-14-4,1.2E-01,c**,4.9E-01,c**,2.5E-03,c*,1.1E-02,c*,4.0E-03,c*,,1.0E-03,,c*
"Pentachlorobiphenyl, 2,3,4,4',5- (PCB 114) (74472-37-0)",74472-37-0,1.2E-01,c**,5.0E-01,c**,2.5E-03,c*,1.1E-02,c*,4.0E-03,c*,,1.0E-03,,c*
"Pentachlorobiphenyl, 3,3',4,4',5- (PCB 126) (57465-28-8)",57465-28-8,3.6E-05,c**,1.5E-04,c**,7.4E-07,c*,3.2E-06,c*,1.2E-06,c*,,3.0E-07,,c*
Pentachloroethane (76-01-7),76-01-7,7.7E+00,c,3.6E+01,c,,,,,6.5E-01,c,,3.1E-04,,c
Pentachloronitrobenzene (82-68-8),82-68-8,2.7E+00,c**,1.3E+01,c*,,,,,1.2E-01,c*,,1.5E-03,,c*
Pentachlorophenol (87-86-5),87-86-5,1.0E+00,c*,4.0E+00,c*,5.5E-01,c,2.4E+00,c,4.1E-02,c*,1.0E+00,5.7E-05,1.4E-03,c*
Pentaerythritol tetranitrate (PETN) (78-11-5),78-11-5,1.3E+01,n,1.6E+02,n,,,,,3.9E+00,n,,5.8E-03,,n
"Pentane, n- (109-66-0)",109-66-0,8.1E+01,n,3.4E+02,n,1.0E+02,n,4.4E+02,n,2.1E+02,n,,1.0E+00,,n
Perchlorate and Perchlorate Salts (14797-73-0),14797-73-0,5.5E+00,n,8.2E+01,n,,,,,1.4E+00,n,1.5E+01,,,n
Perfluorobutane sulfonic acid (PFBS) (375-73-5),375-73-5,1.3E+02,n,1.6E+03,n,,,,,4.0E+01,n,,1.3E-02,,n
Perfluorobutanesulfonate (45187-15-3),45187-15-3,1.3E+02,n,1.6E+03,n,,,,,4.0E+01,n,,1.3E-02,,n
Permethrin (52645-53-1),52645-53-1,3.2E+02,n,4.1E+03,n,,,,,1.0E+02,n,,2.4E+01,,n
Phenacetin (62-44-2),62-44-2,2.5E+02,c,1.0E+03,c,4.5E+00,c,1.9E+01,c,3.4E+01,c,,9.7E-03,,c
Phenmedipham (13684-63-4),13684-63-4,1.5E+03,n,2.0E+04,n,,,,,3.8E+02,n,,2.1E+00,,n
Phenol (108-95-2),108-95-2,1.9E+03,n,2.5E+04,n,2.1E+01,n,8.8E+01,n,5.8E+02,n,,3.3E-01,,n
"Phenol, 2-(1-methylethoxy)-, methylcarbamate (114-26-1)",114-26-1,2.5E+01,n,3.3E+02,n,,,,,7.8E+00,n,,2.5E-03,,n
Phenothiazine (92-84-2),92-84-2,3.2E+00,n,4.1E+01,n,,,,,4.3E-01,n,,1.4E-03,,n
Phenyl Isothiocyanate (103-72-0),103-72-0,1.6E+00,n,2.3E+01,n,,,,,2.6E-01,n,,1.7E-04,,n
"Phenylenediamine, m- (108-45-2)",108-45-2,3.8E+01,n,4.9E+02,n,,,,,1.2E+01,n,,3.2E-03,,n
"Phenylenediamine, o- (95-54-5)",95-54-5,4.5E+00,c**,1.9E+01,c*,,,,,6.5E-01,c*,,1.7E-04,,c*
"Phenylenediamine, p- (106-50-3)",106-50-3,6.3E+00,n,8.2E+01,n,,,,,2.0E+00,n,,5.4E-04,,n
Phenylmercuric Acetate (62-38-4),62-38-4,5.1E-01,n,6.6E+00,n,,,,,1.6E-01,n,,5.0E-05,,n
"Phenylphenol, 2- (90-43-7)",90-43-7,2.8E+02,c,1.2E+03,c,,,,,3.0E+01,c,,4.1E-01,,c
Phorate (298-02-2),298-02-2,1.3E+00,n,1.6E+01,n,,,,,3.0E-01,n,,3.4E-04,,n
Phosgene (75-44-5),75-44-5,3.1E-02,n,1.3E-01,n,3.1E-02,n,1.3E-01,n,,,,,,
Phosmet (732-11-6),732-11-6,1.3E+02,n,1.6E+03,n,,,,,3.7E+01,n,,8.2E-03,,n
Phosphine (7803-51-2),7803-51-2,2.3E+00,n,3.5E+01,n,3.1E-02,n,1.3E-01,n,5.7E-02,n,,,,n
Phosphoric Acid (7664-38-2),7664-38-2,3.0E+05,nm,2.9E+06,nm,1.0E+00,n,4.4E+00,n,9.7E+04,n,,,,n
"Phosphorus, White (7723-14-0)",7723-14-0,1.6E-01,n,2.3E+00,n,,,,,4.0E-02,n,,1.5E-04,,n
"Phthalic Acid, P- (100-21-0)",100-21-0,6.3E+03,n,8.2E+04,n,,,,,1.9E+03,n,,6.8E-01,,n
Phthalic Anhydride (85-44-9),85-44-9,1.3E+04,n,1.6E+05,nm,2.1E+00,n,8.8E+00,n,3.9E+03,n,,8.5E-01,,n
Picloram (1918-02-1),1918-02-1,4.4E+02,n,5.7E+03,n,,,,,1.4E+02,n,5.0E+02,3.8E-02,1.4E-01,n
"Picramic Acid (2-Amino-4,6-dinitrophenol) (96-91-3)",96-91-3,6.3E-01,n,8.2E+00,n,,,,,2.0E-01,n,,1.3E-04,,n
"Picric Acid (2,4,6-Trinitrophenol) (88-89-1)",88-89-1,5.7E+00,n,7.4E+01,n,,,,,1.8E+00,n,,8.4E-03,,n
"Pirimiphos, Methyl (29232-93-7)",29232-93-7,4.4E-01,n,5.7E+00,n,,,,,8.5E-02,n,,8.1E-05,,n
Polybrominated Biphenyls (59536-65-1),59536-65-1,1.8E-02,c**,7.7E-02,c**,3.3E-04,c,1.4E-03,c,2.6E-03,c**,,,,c**
Polychlorinated Biphenyls (high risk) (1336-36-3),1336-36-3,2.3E-01,c,9.4E-01,c,4.9E-03,c,2.1E-02,c,,,,,,
Polychlorinated Biphenyls (low risk) (1336-36-3),1336-36-3,,,,,2.8E-02,c,1.2E-01,c,4.4E-02,c,5.0E-01,6.8E-03,7.8E-02,c
Polychlorinated Biphenyls (lowest risk) (1336-36-3),1336-36-3,,,,,1.4E-01,c,6.1E-01,c,,,,,,
Polymeric Methylene Diphenyl Diisocyanate (PMDI) (9016-87-9),9016-87-9,8.5E+04,n,3.6E+05,nm,6.3E-02,n,2.6E-01,n,,,,,,
Polyphosphoric acid (8017-16-1),8017-16-1,3.8E+05,nm,5.7E+06,nm,,,,,9.7E+04,n,,,,n
Potassium Cyanide (151-50-8),151-50-8,1.6E+01,n,2.3E+02,n,,,,,4.0E+00,n,,,,n
Potassium Perchlorate (7778-74-7),7778-74-7,5.5E+00,n,8.2E+01,n,,,,,1.4E+00,n,,,,n
Potassium Perfluorobutane Sulfonate (29420-49-3),29420-49-3,1.3E+02,n,1.6E+03,n,,,,,4.0E+01,n,,,,n
Potassium Silver Cyanide (506-61-6),506-61-6,3.9E+01,n,5.8E+02,n,,,,,8.2E+00,n,,,,n
Potassium tripolyphosphate (13845-36-8),13845-36-8,3.8E+05,nm,5.7E+06,nm,,,,,9.7E+04,n,,,,n
Prochloraz (67747-09-5),67747-09-5,3.6E+00,c*,1.5E+01,c*,,,,,3.8E-01,c*,,1.9E-03,,c*
Profluralin (26399-36-0),26399-36-0,4.7E+01,n,7.0E+02,n,,,,,2.6E+00,n,,1.6E-01,,n
Prometon (1610-18-0),1610-18-0,9.5E+01,n,1.2E+03,n,,,,,2.5E+01,n,,1.2E-02,,n
Prometryn (7287-19-6),7287-19-6,2.5E+02,n,3.3E+03,n,,,,,6.0E+01,n,,9.0E-02,,n
Propachlor (1918-16-7),1918-16-7,8.2E+01,n,1.1E+03,n,,,,,2.5E+01,n,,1.5E-02,,n
Propanil (709-98-8),709-98-8,3.2E+01,n,4.1E+02,n,,,,,8.2E+00,n,,4.5E-03,,n
Propargite (2312-35-8),2312-35-8,2.8E+00,c*,1.2E+01,c,,,,,1.6E-01,c,,1.1E-02,,c
Propargyl Alcohol (107-19-7),107-19-7,1.6E+01,n,2.3E+02,n,,,,,4.0E+00,n,,8.1E-04,,n
Propazine (139-40-2),139-40-2,1.3E+02,n,1.6E+03,n,,,,,3.4E+01,n,,3.0E-02,,n
Propham (122-42-9),122-42-9,1.3E+02,n,1.6E+03,n,,,,,3.5E+01,n,,2.2E-02,,n
Propiconazole (60207-90-1),60207-90-1,6.3E+02,n,8.2E+03,n,,,,,1.6E+02,n,,5.3E-01,,n
Propionaldehyde (123-38-6),123-38-6,7.5E+00,n,3.1E+01,n,8.3E-01,n,3.5E+00,n,1.7E+00,n,,3.4E-04,,n
Propyl benzene (103-65-1),103-65-1,3.8E+02,ns,2.4E+03,ns,1.0E+02,n,4.4E+02,n,6.6E+01,n,,1.2E-01,,n
Propylene (115-07-1),115-07-1,2.2E+02,n,9.3E+02,ns,3.1E+02,n,1.3E+03,n,6.3E+02,n,,6.0E-01,,n
Propylene Glycol (57-55-6),57-55-6,1.3E+05,nm,1.6E+06,nm,,,,,4.0E+04,n,,8.1E+00,,n
Propylene Glycol Dinitrate (6423-43-4),6423-43-4,3.9E+04,n,1.6E+05,nm,2.8E-02,n,1.2E-01,n,,,,,,
Propylene Glycol Monomethyl Ether (107-98-2),107-98-2,4.1E+03,n,3.7E+04,n,2.1E+02,n,8.8E+02,n,3.2E+02,n,,6.5E-02,,n
Propylene Oxide (75-56-9),75-56-9,2.1E+00,c*,9.7E+00,c*,7.6E-01,c**,3.3E+00,c**,2.7E-01,c*,,5.6E-05,,c*
Propyzamide (23950-58-5),23950-58-5,4.7E+02,n,6.2E+03,n,,,,,1.2E+02,n,,1.2E-01,,n
Pyrene (129-00-0),129-00-0,1.8E+02,n,2.3E+03,n,,,,,1.2E+01,n,,1.3E+00,,n
Pyridine (110-86-1),110-86-1,7.8E+00,n,1.2E+02,n,,,,,2.0E+00,n,,6.8E-04,,n
Quinalphos (13593-03-8),13593-03-8,3.2E+00,n,4.1E+01,n,,,,,5.1E-01,n,,4.3E-03,,n
Quinoline (91-22-5),91-22-5,1.8E-01,c,7.7E-01,c,,,,,2.4E-02,c,,7.8E-05,,c
Quizalofop-ethyl (76578-14-8),76578-14-8,5.7E+01,n,7.4E+02,n,,,,,1.2E+01,n,,1.9E-01,,n
Refractory Ceramic Fibers (E715557),E715557,4.3E+06,nm,1.8E+07,nm,3.1E+00,n,1.3E+01,n,,,,,,
Resmethrin (10453-86-8),10453-86-8,1.9E+02,n,2.5E+03,n,,,,,6.7E+00,n,,4.2E+00,,n
Ronnel (299-84-3),299-84-3,3.9E+02,n,5.8E+03,n,,,,,4.1E+01,n,,3.7E-01,,n
Rotenone (83-79-4),83-79-4,2.5E+01,n,3.3E+02,n,,,,,6.1E+00,n,,3.2E+00,,n
Safrole (94-59-7),94-59-7,5.5E-01,c,1.0E+01,c,1.6E-02,c,1.9E-01,c,9.6E-02,c,,5.9E-05,,c
Selenious Acid (7783-00-8),7783-00-8,3.9E+01,n,5.8E+02,n,,,,,1.0E+01,n,,,,n
Selenium (7782-49-2),7782-49-2,3.9E+01,n,5.8E+02,n,2.1E+00,n,8.8E+00,n,1.0E+01,n,5.0E+01,5.2E-02,2.6E-01,n
Selenium Sulfide (7446-34-6),7446-34-6,3.9E+01,n,5.8E+02,n,2.1E+00,n,8.8E+00,n,1.0E+01,n,,,,n
Sethoxydim (74051-80-2),74051-80-2,8.8E+02,n,1.1E+04,n,,,,,1.6E+02,n,,1.4E+00,,n
"Silica (crystalline, respirable) (7631-86-9)",7631-86-9,4.3E+05,nm,1.8E+06,nm,3.1E-01,n,1.3E+00,n,,,,,,
Silver (7440-22-4),7440-22-4,3.9E+01,n,5.8E+02,n,,,,,9.4E+00,n,,8.0E-02,,n
Silver Cyanide (506-64-9),506-64-9,7.8E+02,n,1.2E+04,n,,,,,1.8E+02,n,,,,n
Simazine (122-34-9),122-34-9,4.5E+00,c**,1.9E+01,c*,,,,,6.1E-01,c*,4.0E+00,3.0E-04,2.0E-03,c*
Sodium Acifluorfen (62476-59-9),62476-59-9,8.2E+01,n,1.1E+03,n,,,,,2.6E+01,n,,2.1E-01,,n
Sodium Azide (26628-22-8),26628-22-8,3.1E+01,n,4.7E+02,n,,,,,8.0E+00,n,,,,n
Sodium Cyanide (143-33-9),143-33-9,7.8E+00,n,1.2E+02,n,,,,,2.0E+00,n,2.0E+02,,,n
Sodium Diethyldithiocarbamate (148-18-5),148-18-5,2.0E+00,c*,8.5E+00,c,,,,,2.9E-01,c,,1.8E-04,,c
Sodium Fluoride (7681-49-4),7681-49-4,3.9E+02,n,5.8E+03,n,1.4E+00,n,5.7E+00,n,1.0E+02,n,4.0E+03,,,n
Sodium Fluoroacetate (62-74-8),62-74-8,1.3E-01,n,1.6E+00,n,,,,,4.0E-02,n,,8.1E-06,,n
Sodium Metavanadate (13718-26-8),13718-26-8,7.8E+00,n,1.2E+02,n,,,,,2.0E+00,n,,,,n
Sodium Perchlorate (7601-89-0),7601-89-0,5.5E+00,n,8.2E+01,n,,,,,1.4E+00,n,,,,n
Sodium Tungstate (13472-45-2),13472-45-2,6.3E+00,n,9.3E+01,n,,,,,1.6E+00,n,,,,n
Sodium Tungstate Dihydrate (10213-10-2),10213-10-2,6.3E+00,n,9.3E+01,n,,,,,1.6E+00,n,,,,n
Sodium acid pyrophosphate (7758-16-9),7758-16-9,3.8E+05,nm,5.7E+06,nm,,,,,9.7E+04,n,,,,n
Sodium aluminum phosphate (acidic) (7785-88-8),7785-88-8,3.8E+05,nm,5.7E+06,nm,,,,,9.7E+04,n,,,,n
Sodium aluminum phosphate (anhydrous) (10279-59-1),10279-59-1,3.8E+05,nm,5.7E+06,nm,,,,,9.7E+04,n,,,,n
Sodium aluminum phosphate (tetrahydrate) (10305-76-7),10305-76-7,3.8E+05,nm,5.7E+06,nm,,,,,9.7E+04,n,,,,n
Sodium hexametaphosphate (10124-56-8),10124-56-8,3.8E+05,nm,5.7E+06,nm,,,,,9.7E+04,n,,,,n
Sodium polyphosphate (68915-31-1),68915-31-1,3.8E+05,nm,5.7E+06,nm,,,,,9.7E+04,n,,,,n
Sodium trimetaphosphate (7785-84-4),7785-84-4,3.8E+05,nm,5.7E+06,nm,,,,,9.7E+04,n,,,,n
Sodium tripolyphosphate (7758-29-4),7758-29-4,3.8E+05,nm,5.7E+06,nm,,,,,9.7E+04,n,,,,n
Stirofos (Tetrachlorovinphos) (961-11-5),961-11-5,2.3E+01,c**,9.6E+01,c*,,,,,2.8E+00,c*,,8.2E-03,,c*
"Strontium, Stable (7440-24-6)",7440-24-6,4.7E+03,n,7.0E+04,n,,,,,1.2E+03,n,,4.2E+01,,n
Strychnine (57-24-9),57-24-9,1.9E+00,n,2.5E+01,n,,,,,5.9E-01,n,,6.5E-03,,n
Styrene (100-42-5),100-42-5,6.0E+02,n,3.5E+03,ns,1.0E+02,n,4.4E+02,n,1.2E+02,n,1.0E+02,1.3E-01,1.1E-01,n
Styrene-Acrylonitrile (SAN) Trimer (),,1.9E+01,n,2.5E+02,n,,,,,4.8E+00,n,,,,n
Sulfolane (126-33-0),126-33-0,6.3E+00,n,8.2E+01,n,2.1E-01,n,8.8E-01,n,2.0E+00,n,,4.4E-04,,n
"Sulfonylbis(4-chlorobenzene), 1,1'- (80-07-9)",80-07-9,5.1E+00,n,6.6E+01,n,,,,,1.1E+00,n,,6.5E-03,,n
Sulfur Trioxide (7446-11-9),7446-11-9,1.4E+05,nm,6.0E+05,nm,1.0E-01,n,4.4E-01,n,2.1E-01,n,,,,n
Sulfuric Acid (7664-93-9),7664-93-9,1.4E+05,nm,6.0E+05,nm,1.0E-01,n,4.4E-01,n,,,,,,
"Sulfurous acid, 2-chloroethyl 2-[4-(1,1-dimethylethyl)phenoxy]-1-methylethyl ester (140-57-8)",140-57-8,2.2E+01,c*,9.2E+01,c*,4.0E-01,c,1.7E+00,c,1.3E+00,c*,,1.5E-02,,c*
"TCDD, 2,3,7,8- (1746-01-6)",1746-01-6,4.8E-06,c**,2.2E-05,c**,7.4E-08,c*,3.2E-07,c*,1.2E-07,c*,3.0E-05,5.9E-08,1.5E-05,c*
TCMTB (21564-17-0),21564-17-0,1.9E+02,n,2.5E+03,n,,,,,4.8E+01,n,,3.3E-01,,n
Tebuthiuron (34014-18-1),34014-18-1,4.4E+02,n,5.7E+03,n,,,,,1.4E+02,n,,3.9E-02,,n
Temephos (3383-96-8),3383-96-8,1.3E+02,n,1.6E+03,n,,,,,4.0E+01,n,,7.6E+00,,n
Terbacil (5902-51-2),5902-51-2,8.2E+01,n,1.1E+03,n,,,,,2.5E+01,n,,7.5E-03,,n
Terbufos (13071-79-9),13071-79-9,2.0E-01,n,2.9E+00,n,,,,,2.4E-02,n,,5.2E-05,,n
Terbutryn (886-50-0),886-50-0,6.3E+00,n,8.2E+01,n,,,,,1.3E+00,n,,1.9E-03,,n
"Tetrabromodiphenyl ether, 2,2',4,4'- (BDE-47) (5436-43-1)",5436-43-1,6.3E-01,n,8.2E+00,n,,,,,2.0E-01,n,,5.3E-03,,n
"Tetrachlorobenzene, 1,2,4,5- (95-94-3)",95-94-3,2.3E+00,n,3.5E+01,n,,,,,1.7E-01,n,,7.9E-04,,n
"Tetrachlorobiphenyl, 3,3',4,4'- (PCB 77) (32598-13-3)",32598-13-3,3.8E-02,c**,1.6E-01,c**,7.4E-04,c*,3.2E-03,c*,6.0E-03,c**,,9.4E-04,,c**
"Tetrachlorobiphenyl, 3,4,4',5- (PCB 81) (70362-50-4)",70362-50-4,1.2E-02,c**,4.8E-02,c**,2.5E-04,c*,1.1E-03,c*,4.0E-04,c*,,6.2E-05,,c*
"Tetrachloroethane, 1,1,1,2- (630-20-6)",630-20-6,2.0E+00,c,8.8E+00,c,3.8E-01,c,1.7E+00,c,5.7E-01,c*,,2.2E-04,,c*
"Tetrachloroethane, 1,1,2,2- (79-34-5)",79-34-5,6.0E-01,c,2.7E+00,c,4.8E-02,c,2.1E-01,c,7.6E-02,c,,3.0E-05,,c
Tetrachloroethylene (127-18-4),127-18-4,8.1E+00,n,3.9E+01,n,4.2E+00,n,1.8E+01,n,4.1E+00,n,5.0E+00,1.8E-03,2.3E-03,n
"Tetrachlorophenol, 2,3,4,6- (58-90-2)",58-90-2,1.9E+02,n,2.5E+03,n,,,,,2.4E+01,n,,1.8E-02,,n
"Tetrachlorotoluene, p- alpha, alpha, alpha- (5216-25-1)",5216-25-1,3.5E-02,c,1.6E-01,c,,,,,1.3E-03,c,,4.5E-06,,c
Tetraethyl Dithiopyrophosphate (3689-24-5),3689-24-5,3.2E+00,n,4.1E+01,n,,,,,7.1E-01,n,,5.2E-04,,n
Tetraethyl Lead (78-00-2),78-00-2,7.8E-04,n,1.2E-02,n,,,,,1.3E-04,n,,4.7E-07,,n
"Tetrafluoroethane, 1,1,1,2- (811-97-2)",811-97-2,1.0E+04,ns,4.3E+04,ns,8.3E+03,n,3.5E+04,n,1.7E+04,n,,9.3E+00,,n
Tetrahydrofuran (109-99-9),109-99-9,1.8E+03,n,9.4E+03,n,2.1E+02,n,8.8E+02,n,3.4E+02,n,,7.5E-02,,n
Tetrapotassium phosphate (7320-34-5),7320-34-5,3.8E+05,nm,5.7E+06,nm,,,,,9.7E+04,n,,,,n
Tetrasodium pyrophosphate (7722-88-5),7722-88-5,3.8E+05,nm,5.7E+06,nm,,,,,9.7E+04,n,,,,n
Tetryl (Trinitrophenylmethylnitramine) (479-45-8),479-45-8,1.6E+01,n,2.3E+02,n,,,,,3.9E+00,n,,3.7E-02,,n
Thallic Oxide (1314-32-5),1314-32-5,1.6E-01,n,2.3E+00,n,,,,,4.0E-02,n,,,,n
Thallium (I) Nitrate (10102-45-1),10102-45-1,7.8E-02,n,1.2E+00,n,,,,,2.0E-02,n,,,,n
Thallium (Soluble Salts) (7440-28-0),7440-28-0,7.8E-02,n,1.2E+00,n,,,,,2.0E-02,n,2.0E+00,1.4E-03,1.4E-01,n
Thallium Acetate (563-68-8),563-68-8,7.8E-02,n,1.2E+00,n,,,,,2.0E-02,n,,4.1E-06,,n
Thallium Carbonate (6533-73-9),6533-73-9,1.6E-01,n,2.3E+00,n,,,,,4.0E-02,n,,8.3E-06,,n
Thallium Chloride (7791-12-0),7791-12-0,7.8E-02,n,1.2E+00,n,,,,,2.0E-02,n,,,,n
Thallium Selenite (12039-52-0),12039-52-0,7.8E-02,n,1.2E+00,n,,,,,2.0E-02,n,,,,n
Thallium Sulfate (7446-18-6),7446-18-6,1.6E-01,n,2.3E+00,n,,,,,4.0E-02,n,,,,n
Thifensulfuron-methyl (79277-27-3),79277-27-3,2.7E+02,n,3.5E+03,n,,,,,8.6E+01,n,,2.6E-02,,n
Thiobencarb (28249-77-6),28249-77-6,6.3E+01,n,8.2E+02,n,,,,,1.6E+01,n,,5.5E-02,,n
Thiocyanates (E1790664),E1790664,1.6E+00,n,2.3E+01,n,,,,,4.0E-01,n,,,,n
Thiocyanic Acid (463-56-9),463-56-9,1.6E+00,n,2.3E+01,n,,,,,4.0E-01,n,,,,n
Thiodiglycol (111-48-8),111-48-8,5.4E+02,n,7.9E+03,n,,,,,1.4E+02,n,,2.8E-02,,n
Thiofanox (39196-18-4),39196-18-4,1.9E+00,n,2.5E+01,n,,,,,5.3E-01,n,,1.8E-04,,n
"Thiophanate, Methyl (23564-05-8)",23564-05-8,4.7E+01,c**,2.0E+02,c*,,,,,6.7E+00,c**,,5.7E-03,,c**
Thiram (137-26-8),137-26-8,9.5E+01,n,1.2E+03,n,,,,,2.9E+01,n,,4.2E-02,,n
Tin (7440-31-5),7440-31-5,4.7E+03,n,7.0E+04,n,,,,,1.2E+03,n,,3.0E+02,,n
Titanium Tetrachloride (7550-45-0),7550-45-0,1.4E+04,n,6.0E+04,n,1.0E-02,n,4.4E-02,n,2.1E-02,n,,,,n
Toluene (108-88-3),108-88-3,4.9E+02,n,4.7E+03,ns,5.2E+02,n,2.2E+03,n,1.1E+02,n,1.0E+03,7.6E-02,6.9E-01,n
"Toluene-2,4-diisocyanate (584-84-9)",584-84-9,6.4E-01,n,2.7E+00,n,8.3E-04,n,3.5E-03,n,1.7E-03,n,,2.5E-05,,n
"Toluene-2,5-diamine (95-70-5)",95-70-5,1.3E+00,n,1.3E+01,c**,,,,,4.0E-01,n,,1.2E-04,,n
"Toluene-2,6-diisocyanate (91-08-7)",91-08-7,5.3E-01,n,2.2E+00,n,8.3E-04,n,3.5E-03,n,1.7E-03,n,,2.6E-05,,n
"Toluic Acid, p- (99-94-5)",99-94-5,3.2E+01,n,4.1E+02,n,,,,,9.0E+00,n,,2.3E-03,,n
"Toluidine, o- (Methylaniline, 2-) (95-53-4)",95-53-4,3.4E+01,c,1.4E+02,c,5.5E-02,c,2.4E-01,c,4.7E+00,c,,2.0E-03,,c
"Toluidine, p- (106-49-0)",106-49-0,1.8E+01,c**,7.7E+01,c**,,,,,2.5E+00,c**,,1.1E-03,,c**
Total Petroleum Hydrocarbons (Aliphatic High) (E1790670),E1790670,2.3E+04,ns,3.5E+05,nms,,,,,6.0E+03,n,,2.4E+02,,n
Total Petroleum Hydrocarbons (Aliphatic Low) (E1790666),E1790666,5.2E+01,n,2.2E+02,ns,6.3E+01,n,2.6E+02,n,1.3E+02,n,,8.8E-01,,n
Total Petroleum Hydrocarbons (Aliphatic Medium) (E1790668),E1790668,9.6E+00,ns,4.4E+01,ns,1.0E+01,n,4.4E+01,n,1.0E+01,n,,1.5E-01,,n
Total Petroleum Hydrocarbons (Aromatic High) (E1790676),E1790676,2.5E+02,n,3.3E+03,n,,,,,8.0E+01,n,,8.9E+00,,n
Total Petroleum Hydrocarbons (Aromatic Low) (E1790672),E1790672,8.2E+00,n,4.2E+01,n,3.1E+00,n,1.3E+01,n,3.3E+00,n,,1.7E-03,,n
Total Petroleum Hydrocarbons (Aromatic Medium) (E1790674),E1790674,1.1E+01,n,6.0E+01,n,3.1E-01,n,1.3E+00,n,5.5E-01,n,,2.3E-03,,n
Toxaphene (8001-35-2),8001-35-2,4.9E-01,c,2.1E+00,c,8.8E-03,c,3.8E-02,c,7.1E-02,c,3.0E+00,1.1E-02,4.6E-01,c
Tralomethrin (66841-25-6),66841-25-6,4.7E+01,n,6.2E+02,n,,,,,1.5E+01,n,,5.8E+00,,n
Tri-n-butyltin (688-73-3),688-73-3,2.3E+00,n,3.5E+01,n,,,,,3.7E-01,n,,8.2E-03,,n
Triacetin (102-76-1),102-76-1,5.1E+05,nm,6.6E+06,nm,,,,,1.6E+05,n,,4.5E+01,,n
Triadimefon (43121-43-3),43121-43-3,2.1E+02,n,2.8E+03,n,,,,,6.3E+01,n,,5.0E-02,,n
Triallate (2303-17-5),2303-17-5,9.7E+00,c*,4.6E+01,c*,,,,,4.7E-01,c*,,1.0E-03,,c*
Trialuminum sodium tetra decahydrogenoctaorthophosphate (dihydrate) (15136-87-5),15136-87-5,3.8E+05,nm,5.7E+06,nm,,,,,9.7E+04,n,,,,n
Triasulfuron (82097-50-5),82097-50-5,6.3E+01,n,8.2E+02,n,,,,,2.0E+01,n,,2.1E-02,,n
Tribenuron-methyl (101200-48-0),101200-48-0,5.1E+01,n,6.6E+02,n,,,,,1.6E+01,n,,6.1E-03,,n
"Tribromobenzene, 1,2,4- (615-54-3)",615-54-3,3.9E+01,n,5.8E+02,n,,,,,4.5E+00,n,,6.4E-03,,n
"Tribromophenol, 2,4,6- (118-79-6)",118-79-6,5.7E+01,n,7.4E+02,n,,,,,1.2E+01,n,,2.2E-02,,n
Tributyl Phosphate (126-73-8),126-73-8,6.0E+01,c**,2.6E+02,c**,,,,,5.2E+00,c**,,2.5E-02,,c**
Tributyltin Compounds (E1790678),E1790678,1.9E+00,n,2.5E+01,n,,,,,6.0E-01,n,,,,n
Tributyltin Oxide (56-35-9),56-35-9,1.9E+00,n,2.5E+01,n,,,,,5.7E-01,n,,2.9E+01,,n
Tricalcium phosphate (7758-87-4),7758-87-4,3.8E+05,nm,5.7E+06,nm,,,,,9.7E+04,n,,,,n
"Trichloro-1,2,2-trifluoroethane, 1,1,2- (76-13-1)",76-13-1,6.7E+02,n,2.8E+03,ns,5.2E+02,n,2.2E+03,n,1.0E+03,n,,2.6E+00,,n
Trichloroacetic Acid (76-03-9),76-03-9,7.8E+00,c*,3.3E+01,c*,,,,,1.1E+00,c*,6.0E+01,2.2E-04,1.2E-02,c*
"Trichloroaniline HCl, 2,4,6- (33663-50-2)",33663-50-2,1.9E+01,c,7.9E+01,c,,,,,2.7E+00,c,,7.4E-03,,c
"Trichloroaniline, 2,4,6- (634-93-5)",634-93-5,1.9E-01,n,2.5E+00,n,,,,,4.0E-02,n,,3.6E-04,,n
"Trichlorobenzene, 1,2,3- (87-61-6)",87-61-6,6.3E+00,n,9.3E+01,n,,,,,7.0E-01,n,,2.1E-03,,n
"Trichlorobenzene, 1,2,4- (120-82-1)",120-82-1,5.8E+00,n,2.6E+01,n,2.1E-01,n,8.8E-01,n,4.0E-01,n,7.0E+01,1.2E-03,2.0E-01,n
"Trichloroethane, 1,1,1- (71-55-6)",71-55-6,8.1E+02,ns,3.6E+03,ns,5.2E+02,n,2.2E+03,n,8.0E+02,n,2.0E+02,2.8E-01,7.0E-02,n
"Trichloroethane, 1,1,2- (79-00-5)",79-00-5,1.5E-01,n,6.3E-01,n,2.1E-02,n,8.8E-02,n,4.1E-02,n,5.0E+00,1.3E-05,1.6E-03,n
Trichloroethylene (79-01-6),79-01-6,4.1E-01,n,1.9E+00,n,2.1E-01,n,8.8E-01,n,2.8E-01,n,5.0E+00,1.0E-04,1.8E-03,n
Trichlorofluoromethane (75-69-4),75-69-4,2.3E+03,ns,3.5E+04,ns,,,,,5.2E+02,n,,3.3E-01,,n
"Trichlorophenol, 2,4,5- (95-95-4)",95-95-4,6.3E+02,n,8.2E+03,n,,,,,1.2E+02,n,,4.0E-01,,n
"Trichlorophenol, 2,4,6- (88-06-2)",88-06-2,6.3E+00,n,8.2E+01,n,9.1E-01,c,4.0E+00,c,1.2E+00,n,,1.2E-03,,n
"Trichlorophenoxyacetic Acid, 2,4,5- (93-76-5)",93-76-5,6.3E+01,n,8.2E+02,n,,,,,1.6E+01,n,,6.8E-03,,n
"Trichlorophenoxypropionic acid, -2,4,5 (93-72-1)",93-72-1,5.1E+01,n,6.6E+02,n,,,,,1.1E+01,n,5.0E+01,6.1E-03,2.8E-02,n
"Trichloropropane, 1,1,2- (598-77-6)",598-77-6,3.9E+01,n,5.8E+02,n,,,,,8.8E+00,n,,3.5E-03,,n
"Trichloropropane, 1,2,3- (96-18-4)",96-18-4,5.1E-03,c*,1.1E-01,c*,3.1E-02,n,1.3E-01,n,7.5E-04,c*,,3.2E-07,,c*
"Trichloropropene, 1,2,3- (96-19-5)",96-19-5,7.3E-02,n,3.1E-01,n,3.1E-02,n,1.3E-01,n,6.2E-02,n,,3.1E-05,,n
Tricresyl Phosphate (TCP) (1330-78-5),1330-78-5,1.3E+02,n,1.6E+03,n,,,,,1.6E+01,n,,1.5E+00,,n
Tridiphane (58138-08-2),58138-08-2,1.9E+01,n,2.5E+02,n,,,,,1.8E+00,n,,1.3E-02,,n
Triethylamine (121-44-8),121-44-8,1.2E+01,n,4.8E+01,n,7.3E-01,n,3.1E+00,n,1.5E+00,n,,4.4E-04,,n
Triethylene Glycol (112-27-6),112-27-6,1.3E+04,n,1.6E+05,nm,,,,,4.0E+03,n,,8.8E-01,,n
"Trifluoroethane, 1,1,1- (420-46-2)",420-46-2,1.5E+03,n,6.2E+03,ns,2.1E+03,n,8.8E+03,n,4.2E+03,n,,1.3E+01,,n
Trifluralin (1582-09-8),1582-09-8,5.9E+01,n,4.2E+02,c**,,,,,2.6E+00,c**,,8.4E-02,,c**
Trimagnesium phosphate (7757-87-1),7757-87-1,3.8E+05,nm,5.7E+06,nm,,,,,9.7E+04,n,,,,n
Trimethyl Phosphate (512-56-1),512-56-1,2.7E+01,c**,1.1E+02,c**,,,,,3.9E+00,c**,,8.6E-04,,c**
"Trimethylbenzene, 1,2,3- (526-73-8)",526-73-8,3.4E+01,n,2.0E+02,n,6.3E+00,n,2.6E+01,n,5.5E+00,n,,8.1E-03,,n
"Trimethylbenzene, 1,2,4- (95-63-6)",95-63-6,3.0E+01,n,1.8E+02,n,6.3E+00,n,2.6E+01,n,5.6E+00,n,,8.1E-03,,n
"Trimethylbenzene, 1,3,5- (108-67-8)",108-67-8,2.7E+01,n,1.5E+02,n,6.3E+00,n,2.6E+01,n,6.0E+00,n,,8.7E-03,,n
"Trimethylpentene, 2,4,4- (25167-70-8)",25167-70-8,7.8E+01,ns,1.2E+03,ns,,,,,6.5E+00,n,,2.2E-02,,n
"Trinitrobenzene, 1,3,5- (99-35-4)",99-35-4,2.2E+02,n,3.2E+03,n,,,,,5.9E+01,n,,2.1E-01,,n
"Trinitrotoluene, 2,4,6- (118-96-7)",118-96-7,3.6E+00,n,5.1E+01,n,,,,,9.8E-01,n,,5.7E-03,,n
Triphenylphosphine Oxide (791-28-6),791-28-6,1.3E+02,n,1.6E+03,n,,,,,3.6E+01,n,,1.5E-01,,n
Tripotassium phosphate (7778-53-2),7778-53-2,3.8E+05,nm,5.7E+06,nm,,,,,9.7E+04,n,,,,n
"Tris(1,3-Dichloro-2-propyl) Phosphate (13674-87-8)",13674-87-8,1.3E+02,n,1.6E+03,n,,,,,3.6E+01,n,,8.0E-01,,n
Tris(1-chloro-2-propyl)phosphate (13674-84-5),13674-84-5,6.3E+01,n,8.2E+02,n,,,,,1.9E+01,n,,6.5E-02,,n
"Tris(2,3-dibromopropyl)phosphate (126-72-7)",126-72-7,2.8E-01,c,1.3E+00,c,4.3E-03,c,1.9E-02,c,6.8E-03,c,,1.3E-04,,c
Tris(2-chloroethyl)phosphate (115-96-8),115-96-8,2.7E+01,c**,1.1E+02,c**,,,,,3.8E+00,c**,,3.8E-03,,c**
Tris(2-ethylhexyl)phosphate (78-42-2),78-42-2,1.7E+02,c**,7.2E+02,c*,,,,,2.4E+01,c**,,1.2E+02,,c**
Trisodium phosphate (7601-54-9),7601-54-9,3.8E+05,nm,5.7E+06,nm,,,,,9.7E+04,n,,,,n
Tungsten (7440-33-7),7440-33-7,6.3E+00,n,9.3E+01,n,,,,,1.6E+00,n,,2.4E-01,,n
Uranium (Soluble Salts) (E715565),E715565,1.6E+00,n,2.3E+01,n,4.2E-03,n,1.8E-02,n,4.0E-01,n,3.0E+01,1.8E-01,1.4E+01,n
Urethane (51-79-6),51-79-6,1.2E-01,c,2.3E+00,c,3.5E-03,c,4.2E-02,c,2.5E-02,c,,5.6E-06,,c
Vanadium Pentoxide (1314-62-1),1314-62-1,6.6E+01,n,8.4E+02,n,3.4E-04,c**,1.5E-03,c**,1.5E+01,n,,,,n
Vanadium and Compounds (7440-62-2),7440-62-2,3.9E+01,n,5.8E+02,n,1.0E-02,n,4.4E-02,n,8.6E+00,n,,8.6E+00,,n
Vernolate (1929-77-7),1929-77-7,7.8E+00,n,1.2E+02,n,,,,,1.1E+00,n,,8.9E-04,,n
Vinclozolin (50471-44-8),50471-44-8,7.6E+00,n,9.8E+01,n,,,,,2.1E+00,n,,1.6E-03,,n
Vinyl Acetate (108-05-4),108-05-4,9.1E+01,n,3.8E+02,n,2.1E+01,n,8.8E+01,n,4.1E+01,n,,8.7E-03,,n
Vinyl Bromide (593-60-2),593-60-2,1.2E-01,c**,5.2E-01,c**,8.8E-02,c**,3.8E-01,c**,1.8E-01,c**,,5.1E-05,,c**
Vinyl Chloride (75-01-4),75-01-4,5.9E-02,c,1.7E+00,c*,1.7E-01,c*,2.8E+00,c*,1.9E-02,c,2.0E+00,6.5E-06,6.9E-04,c
Warfarin (81-81-2),81-81-2,1.9E+00,n,2.5E+01,n,,,,,5.6E-01,n,,5.9E-04,,n
"Xylene, P- (106-42-3)",106-42-3,5.6E+01,n,2.4E+02,n,1.0E+01,n,4.4E+01,n,1.9E+01,n,,1.9E-02,,n
"Xylene, m- (108-38-3)",108-38-3,5.5E+01,n,2.4E+02,n,1.0E+01,n,4.4E+01,n,1.9E+01,n,,1.9E-02,,n
"Xylene, o- (95-47-6)",95-47-6,6.5E+01,n,2.8E+02,n,1.0E+01,n,4.4E+01,n,1.9E+01,n,,1.9E-02,,n
Xylenes (1330-20-7),1330-20-7,5.8E+01,n,2.5E+02,n,1.0E+01,n,4.4E+01,n,1.9E+01,n,1.0E+04,1.9E-02,9.9E+00,n
Zinc Cyanide (557-21-1),557-21-1,3.9E+02,n,5.8E+03,n,,,,,1.0E+02,n,,,,n
Zinc Phosphide (1314-84-7),1314-84-7,2.3E+00,n,3.5E+01,n,,,,,6.0E-01,n,,,,n
Zinc and Compounds (7440-66-6),7440-66-6,2.3E+03,n,3.5E+04,n,,,,,6.0E+02,n,,3.7E+01,,n
Zineb (12122-67-7),12122-67-7,3.2E+02,n,4.1E+03,n,,,,,9.9E+01,n,,2.9E-01,,n
Zirconium (7440-67-7),7440-67-7,6.3E-01,n,9.3E+00,n,,,,,1.6E-01,n,,4.8E-01,,n
